province_id,candidate_voting_number,candidate_id,candidate_name,candidate_surname,candidate_firstname,candidate_political_party,candidate_gender,province,candidate_votes,candidate_percentage,processed_polling_stations,expected_polling_stations,polling_stations_percentage,expected_voters,valid_votes,blank_votes,total_voters,voters_percentage
1,11.0,1_1_1_150_270,KIKUNI,MASUDI,SETH,INDEPENDANT,M,KINSHASA,460,0.03,7414.0,8287.0,89.0,5078483.0,1756303.0,6767.0,1763070.0,34.72
1,19.0,1_1_1_141_261,TSHIANI K,MUADIAMVITA,NOEL,INDEPENDANT,M,KINSHASA,767,0.04,7414.0,8287.0,89.0,5078483.0,1756303.0,6767.0,1763070.0,34.72
1,24.0,1_1_1_133_253,MUZITO,FUMUTSHI,ADOLPHE,NOU.EL,M,KINSHASA,7645,0.44,7414.0,8287.0,89.0,5078483.0,1756303.0,6767.0,1763070.0,34.72
1,21.0,1_1_1_137_257,FAYULU,MADIDI,MARTIN,LAMUKAFAYULU,M,KINSHASA,210169,11.97,7414.0,8287.0,89.0,5078483.0,1756303.0,6767.0,1763070.0,34.72
1,20.0,1_1_1_143_263,TSHISEKEDI,TSHILOMBO,FELIX ANTOINE,INDEPENDANT,M,KINSHASA,1382802,78.73,7414.0,8287.0,89.0,5078483.0,1756303.0,6767.0,1763070.0,34.72
1,6.0,1_1_1_148_268,BAENDE,ETAFE ELIKO,JEAN CLAUDE,INDEPENDANT,M,KINSHASA,898,0.05,7414.0,8287.0,89.0,5078483.0,1756303.0,6767.0,1763070.0,34.72
1,18.0,1_1_1_144_264,NKEMA LILOO,BOKONZI,LOLI,INDEPENDANT,M,KINSHASA,518,0.03,7414.0,8287.0,89.0,5078483.0,1756303.0,6767.0,1763070.0,34.72
1,12.0,1_1_1_151_271,MAJONDO,MWAMBA,PATRICE,INDEPENDANT,M,KINSHASA,398,0.02,7414.0,8287.0,89.0,5078483.0,1756303.0,6767.0,1763070.0,34.72
1,15.0,1_1_1_134_254,MUKWEGE,MUKENGERE,DENIS,INDEPENDANT,M,KINSHASA,2811,0.16,7414.0,8287.0,89.0,5078483.0,1756303.0,6767.0,1763070.0,34.72
1,16.0,1_1_1_136_256,NGALASI,KURISINI,AGGREY,INDEPENDANT,M,KINSHASA,13929,0.79,7414.0,8287.0,89.0,5078483.0,1756303.0,6767.0,1763070.0,34.72
1,14.0,1_1_1_138_258,MUDEKEREZA,BISIMWA,JUSTIN,INDEPENDANT,M,KINSHASA,375,0.02,7414.0,8287.0,89.0,5078483.0,1756303.0,6767.0,1763070.0,34.72
1,3.0,1_1_1_135_255,KATUMBI,CHAPWE,MOISE,ENSEMBLE,M,KINSHASA,123820,7.05,7414.0,8287.0,89.0,5078483.0,1756303.0,6767.0,1763070.0,34.72
1,9.0,1_1_1_139_259,IFOKU,MPUTA MPUNGA,MARIE-JOSEE,INDEPENDANT,F,KINSHASA,1971,0.11,7414.0,8287.0,89.0,5078483.0,1756303.0,6767.0,1763070.0,34.72
1,13.0,1_1_1_147_267,MASALU,ANEDU,ANDRE,INDEPENDANT,M,KINSHASA,617,0.04,7414.0,8287.0,89.0,5078483.0,1756303.0,6767.0,1763070.0,34.72
1,2.0,1_1_1_129_249,MUTAMBA,TUNGUNGA,CONSTANT,DYPRO,M,KINSHASA,2863,0.16,7414.0,8287.0,89.0,5078483.0,1756303.0,6767.0,1763070.0,34.72
1,7.0,1_1_1_142_262,BOLAMBA,,TONY CASSIUS,INDEPENDANT,M,KINSHASA,388,0.02,7414.0,8287.0,89.0,5078483.0,1756303.0,6767.0,1763070.0,34.72
1,25.0,1_1_1_152_272,BILE,BATALI,JOELLE,INDEPENDANT,F,KINSHASA,585,0.03,7414.0,8287.0,89.0,5078483.0,1756303.0,6767.0,1763070.0,34.72
1,26.0,1_1_1_153_273,NGILA,,HENOCK,INDEPENDANT,M,KINSHASA,217,0.01,7414.0,8287.0,89.0,5078483.0,1756303.0,6767.0,1763070.0,34.72
1,22.0,1_1_1_128_248,MATATA,PONYO,MAPON,LGD,M,KINSHASA,779,0.04,7414.0,8287.0,89.0,5078483.0,1756303.0,6767.0,1763070.0,34.72
1,10.0,1_1_1_130_250,KAZADI,KANDA,REX,INDEPENDANT,M,KINSHASA,398,0.02,7414.0,8287.0,89.0,5078483.0,1756303.0,6767.0,1763070.0,34.72
1,17.0,1_1_1_146_266,NGOY,ILUNGA WA NSENGA,THEODORE,INDEPENDANT,M,KINSHASA,357,0.02,7414.0,8287.0,89.0,5078483.0,1756303.0,6767.0,1763070.0,34.72
1,8.0,1_1_1_140_260,BUSE,FALAY,GEORGES,INDEPENDANT,M,KINSHASA,399,0.02,7414.0,8287.0,89.0,5078483.0,1756303.0,6767.0,1763070.0,34.72
1,4.0,1_1_1_149_269,SESANGA,HIPUNGU DJA KASENG KAPITU,DELLY,ENVOL,M,KINSHASA,869,0.05,7414.0,8287.0,89.0,5078483.0,1756303.0,6767.0,1763070.0,34.72
1,1.0,1_1_1_131_251,RADJABHO,TEBABHO,SOBORABO,CUC,M,KINSHASA,1169,0.07,7414.0,8287.0,89.0,5078483.0,1756303.0,6767.0,1763070.0,34.72
1,5.0,1_1_1_145_265,ANZULUNI,ISILOKETSHI,FLORIBERT,INDEPENDANT,M,KINSHASA,727,0.04,7414.0,8287.0,89.0,5078483.0,1756303.0,6767.0,1763070.0,34.72
1,23.0,1_1_1_132_252,DIONGO,SHAMBA,FRANCK,MLP,M,KINSHASA,372,0.02,7414.0,8287.0,89.0,5078483.0,1756303.0,6767.0,1763070.0,34.72
2,26.0,1_1_1_153_273,NGILA,,HENOCK,INDEPENDANT,M,KONGO CENTRAL,414,0.05,3607.0,3729.0,97.0,2067403.0,782304.0,930.0,783234.0,37.88
2,10.0,1_1_1_130_250,KAZADI,KANDA,REX,INDEPENDANT,M,KONGO CENTRAL,473,0.06,3607.0,3729.0,97.0,2067403.0,782304.0,930.0,783234.0,37.88
2,16.0,1_1_1_136_256,NGALASI,KURISINI,AGGREY,INDEPENDANT,M,KONGO CENTRAL,2906,0.37,3607.0,3729.0,97.0,2067403.0,782304.0,930.0,783234.0,37.88
2,14.0,1_1_1_138_258,MUDEKEREZA,BISIMWA,JUSTIN,INDEPENDANT,M,KONGO CENTRAL,233,0.03,3607.0,3729.0,97.0,2067403.0,782304.0,930.0,783234.0,37.88
2,2.0,1_1_1_129_249,MUTAMBA,TUNGUNGA,CONSTANT,DYPRO,M,KONGO CENTRAL,600,0.08,3607.0,3729.0,97.0,2067403.0,782304.0,930.0,783234.0,37.88
2,20.0,1_1_1_143_263,TSHISEKEDI,TSHILOMBO,FELIX ANTOINE,INDEPENDANT,M,KONGO CENTRAL,735928,94.07,3607.0,3729.0,97.0,2067403.0,782304.0,930.0,783234.0,37.88
2,17.0,1_1_1_146_266,NGOY,ILUNGA WA NSENGA,THEODORE,INDEPENDANT,M,KONGO CENTRAL,191,0.02,3607.0,3729.0,97.0,2067403.0,782304.0,930.0,783234.0,37.88
2,21.0,1_1_1_137_257,FAYULU,MADIDI,MARTIN,LAMUKAFAYULU,M,KONGO CENTRAL,8544,1.09,3607.0,3729.0,97.0,2067403.0,782304.0,930.0,783234.0,37.88
2,19.0,1_1_1_141_261,TSHIANI K,MUADIAMVITA,NOEL,INDEPENDANT,M,KONGO CENTRAL,457,0.06,3607.0,3729.0,97.0,2067403.0,782304.0,930.0,783234.0,37.88
2,22.0,1_1_1_128_248,MATATA,PONYO,MAPON,LGD,M,KONGO CENTRAL,528,0.07,3607.0,3729.0,97.0,2067403.0,782304.0,930.0,783234.0,37.88
2,8.0,1_1_1_140_260,BUSE,FALAY,GEORGES,INDEPENDANT,M,KONGO CENTRAL,245,0.03,3607.0,3729.0,97.0,2067403.0,782304.0,930.0,783234.0,37.88
2,9.0,1_1_1_139_259,IFOKU,MPUTA MPUNGA,MARIE-JOSEE,INDEPENDANT,F,KONGO CENTRAL,914,0.12,3607.0,3729.0,97.0,2067403.0,782304.0,930.0,783234.0,37.88
2,24.0,1_1_1_133_253,MUZITO,FUMUTSHI,ADOLPHE,NOU.EL,M,KONGO CENTRAL,636,0.08,3607.0,3729.0,97.0,2067403.0,782304.0,930.0,783234.0,37.88
2,6.0,1_1_1_148_268,BAENDE,ETAFE ELIKO,JEAN CLAUDE,INDEPENDANT,M,KONGO CENTRAL,459,0.06,3607.0,3729.0,97.0,2067403.0,782304.0,930.0,783234.0,37.88
2,3.0,1_1_1_135_255,KATUMBI,CHAPWE,MOISE,ENSEMBLE,M,KONGO CENTRAL,22086,2.82,3607.0,3729.0,97.0,2067403.0,782304.0,930.0,783234.0,37.88
2,13.0,1_1_1_147_267,MASALU,ANEDU,ANDRE,INDEPENDANT,M,KONGO CENTRAL,847,0.11,3607.0,3729.0,97.0,2067403.0,782304.0,930.0,783234.0,37.88
2,7.0,1_1_1_142_262,BOLAMBA,,TONY CASSIUS,INDEPENDANT,M,KONGO CENTRAL,374,0.05,3607.0,3729.0,97.0,2067403.0,782304.0,930.0,783234.0,37.88
2,15.0,1_1_1_134_254,MUKWEGE,MUKENGERE,DENIS,INDEPENDANT,M,KONGO CENTRAL,616,0.08,3607.0,3729.0,97.0,2067403.0,782304.0,930.0,783234.0,37.88
2,18.0,1_1_1_144_264,NKEMA LILOO,BOKONZI,LOLI,INDEPENDANT,M,KONGO CENTRAL,434,0.06,3607.0,3729.0,97.0,2067403.0,782304.0,930.0,783234.0,37.88
2,5.0,1_1_1_145_265,ANZULUNI,ISILOKETSHI,FLORIBERT,INDEPENDANT,M,KONGO CENTRAL,691,0.09,3607.0,3729.0,97.0,2067403.0,782304.0,930.0,783234.0,37.88
2,4.0,1_1_1_149_269,SESANGA,HIPUNGU DJA KASENG KAPITU,DELLY,ENVOL,M,KONGO CENTRAL,887,0.11,3607.0,3729.0,97.0,2067403.0,782304.0,930.0,783234.0,37.88
2,25.0,1_1_1_152_272,BILE,BATALI,JOELLE,INDEPENDANT,F,KONGO CENTRAL,365,0.05,3607.0,3729.0,97.0,2067403.0,782304.0,930.0,783234.0,37.88
2,12.0,1_1_1_151_271,MAJONDO,MWAMBA,PATRICE,INDEPENDANT,M,KONGO CENTRAL,775,0.1,3607.0,3729.0,97.0,2067403.0,782304.0,930.0,783234.0,37.88
2,11.0,1_1_1_150_270,KIKUNI,MASUDI,SETH,INDEPENDANT,M,KONGO CENTRAL,322,0.04,3607.0,3729.0,97.0,2067403.0,782304.0,930.0,783234.0,37.88
2,1.0,1_1_1_131_251,RADJABHO,TEBABHO,SOBORABO,CUC,M,KONGO CENTRAL,2036,0.26,3607.0,3729.0,97.0,2067403.0,782304.0,930.0,783234.0,37.88
2,23.0,1_1_1_132_252,DIONGO,SHAMBA,FRANCK,MLP,M,KONGO CENTRAL,343,0.04,3607.0,3729.0,97.0,2067403.0,782304.0,930.0,783234.0,37.88
3,19.0,1_1_1_141_261,TSHIANI K,MUADIAMVITA,NOEL,INDEPENDANT,M,KWANGO,290,0.05,2109.0,2380.0,89.0,994679.0,631247.0,1051.0,632298.0,63.57
3,7.0,1_1_1_142_262,BOLAMBA,,TONY CASSIUS,INDEPENDANT,M,KWANGO,100,0.02,2109.0,2380.0,89.0,994679.0,631247.0,1051.0,632298.0,63.57
3,6.0,1_1_1_148_268,BAENDE,ETAFE ELIKO,JEAN CLAUDE,INDEPENDANT,M,KWANGO,177,0.03,2109.0,2380.0,89.0,994679.0,631247.0,1051.0,632298.0,63.57
3,9.0,1_1_1_139_259,IFOKU,MPUTA MPUNGA,MARIE-JOSEE,INDEPENDANT,F,KWANGO,357,0.06,2109.0,2380.0,89.0,994679.0,631247.0,1051.0,632298.0,63.57
3,8.0,1_1_1_140_260,BUSE,FALAY,GEORGES,INDEPENDANT,M,KWANGO,108,0.02,2109.0,2380.0,89.0,994679.0,631247.0,1051.0,632298.0,63.57
3,14.0,1_1_1_138_258,MUDEKEREZA,BISIMWA,JUSTIN,INDEPENDANT,M,KWANGO,229,0.04,2109.0,2380.0,89.0,994679.0,631247.0,1051.0,632298.0,63.57
3,4.0,1_1_1_149_269,SESANGA,HIPUNGU DJA KASENG KAPITU,DELLY,ENVOL,M,KWANGO,558,0.09,2109.0,2380.0,89.0,994679.0,631247.0,1051.0,632298.0,63.57
3,13.0,1_1_1_147_267,MASALU,ANEDU,ANDRE,INDEPENDANT,M,KWANGO,432,0.07,2109.0,2380.0,89.0,994679.0,631247.0,1051.0,632298.0,63.57
3,22.0,1_1_1_128_248,MATATA,PONYO,MAPON,LGD,M,KWANGO,450,0.07,2109.0,2380.0,89.0,994679.0,631247.0,1051.0,632298.0,63.57
3,17.0,1_1_1_146_266,NGOY,ILUNGA WA NSENGA,THEODORE,INDEPENDANT,M,KWANGO,99,0.02,2109.0,2380.0,89.0,994679.0,631247.0,1051.0,632298.0,63.57
3,2.0,1_1_1_129_249,MUTAMBA,TUNGUNGA,CONSTANT,DYPRO,M,KWANGO,278,0.04,2109.0,2380.0,89.0,994679.0,631247.0,1051.0,632298.0,63.57
3,26.0,1_1_1_153_273,NGILA,,HENOCK,INDEPENDANT,M,KWANGO,187,0.03,2109.0,2380.0,89.0,994679.0,631247.0,1051.0,632298.0,63.57
3,10.0,1_1_1_130_250,KAZADI,KANDA,REX,INDEPENDANT,M,KWANGO,107,0.02,2109.0,2380.0,89.0,994679.0,631247.0,1051.0,632298.0,63.57
3,1.0,1_1_1_131_251,RADJABHO,TEBABHO,SOBORABO,CUC,M,KWANGO,516,0.08,2109.0,2380.0,89.0,994679.0,631247.0,1051.0,632298.0,63.57
3,5.0,1_1_1_145_265,ANZULUNI,ISILOKETSHI,FLORIBERT,INDEPENDANT,M,KWANGO,283,0.04,2109.0,2380.0,89.0,994679.0,631247.0,1051.0,632298.0,63.57
3,23.0,1_1_1_132_252,DIONGO,SHAMBA,FRANCK,MLP,M,KWANGO,246,0.04,2109.0,2380.0,89.0,994679.0,631247.0,1051.0,632298.0,63.57
3,25.0,1_1_1_152_272,BILE,BATALI,JOELLE,INDEPENDANT,F,KWANGO,273,0.04,2109.0,2380.0,89.0,994679.0,631247.0,1051.0,632298.0,63.57
3,11.0,1_1_1_150_270,KIKUNI,MASUDI,SETH,INDEPENDANT,M,KWANGO,278,0.04,2109.0,2380.0,89.0,994679.0,631247.0,1051.0,632298.0,63.57
3,24.0,1_1_1_133_253,MUZITO,FUMUTSHI,ADOLPHE,NOU.EL,M,KWANGO,23963,3.8,2109.0,2380.0,89.0,994679.0,631247.0,1051.0,632298.0,63.57
3,18.0,1_1_1_144_264,NKEMA LILOO,BOKONZI,LOLI,INDEPENDANT,M,KWANGO,171,0.03,2109.0,2380.0,89.0,994679.0,631247.0,1051.0,632298.0,63.57
3,3.0,1_1_1_135_255,KATUMBI,CHAPWE,MOISE,ENSEMBLE,M,KWANGO,22660,3.59,2109.0,2380.0,89.0,994679.0,631247.0,1051.0,632298.0,63.57
3,20.0,1_1_1_143_263,TSHISEKEDI,TSHILOMBO,FELIX ANTOINE,INDEPENDANT,M,KWANGO,401903,63.67,2109.0,2380.0,89.0,994679.0,631247.0,1051.0,632298.0,63.57
3,21.0,1_1_1_137_257,FAYULU,MADIDI,MARTIN,LAMUKAFAYULU,M,KWANGO,176602,27.98,2109.0,2380.0,89.0,994679.0,631247.0,1051.0,632298.0,63.57
3,12.0,1_1_1_151_271,MAJONDO,MWAMBA,PATRICE,INDEPENDANT,M,KWANGO,355,0.06,2109.0,2380.0,89.0,994679.0,631247.0,1051.0,632298.0,63.57
3,15.0,1_1_1_134_254,MUKWEGE,MUKENGERE,DENIS,INDEPENDANT,M,KWANGO,265,0.04,2109.0,2380.0,89.0,994679.0,631247.0,1051.0,632298.0,63.57
3,16.0,1_1_1_136_256,NGALASI,KURISINI,AGGREY,INDEPENDANT,M,KWANGO,360,0.06,2109.0,2380.0,89.0,994679.0,631247.0,1051.0,632298.0,63.57
4,21.0,1_1_1_137_257,FAYULU,MADIDI,MARTIN,LAMUKAFAYULU,M,KWILU,498241,45.42,3441.0,4359.0,79.0,2321250.0,1097024.0,1672.0,1098696.0,47.33
4,22.0,1_1_1_128_248,MATATA,PONYO,MAPON,LGD,M,KWILU,528,0.05,3441.0,4359.0,79.0,2321250.0,1097024.0,1672.0,1098696.0,47.33
4,11.0,1_1_1_150_270,KIKUNI,MASUDI,SETH,INDEPENDANT,M,KWILU,210,0.02,3441.0,4359.0,79.0,2321250.0,1097024.0,1672.0,1098696.0,47.33
4,8.0,1_1_1_140_260,BUSE,FALAY,GEORGES,INDEPENDANT,M,KWILU,312,0.03,3441.0,4359.0,79.0,2321250.0,1097024.0,1672.0,1098696.0,47.33
4,2.0,1_1_1_129_249,MUTAMBA,TUNGUNGA,CONSTANT,DYPRO,M,KWILU,629,0.06,3441.0,4359.0,79.0,2321250.0,1097024.0,1672.0,1098696.0,47.33
4,26.0,1_1_1_153_273,NGILA,,HENOCK,INDEPENDANT,M,KWILU,226,0.02,3441.0,4359.0,79.0,2321250.0,1097024.0,1672.0,1098696.0,47.33
4,16.0,1_1_1_136_256,NGALASI,KURISINI,AGGREY,INDEPENDANT,M,KWILU,13373,1.22,3441.0,4359.0,79.0,2321250.0,1097024.0,1672.0,1098696.0,47.33
4,10.0,1_1_1_130_250,KAZADI,KANDA,REX,INDEPENDANT,M,KWILU,199,0.02,3441.0,4359.0,79.0,2321250.0,1097024.0,1672.0,1098696.0,47.33
4,25.0,1_1_1_152_272,BILE,BATALI,JOELLE,INDEPENDANT,F,KWILU,191,0.02,3441.0,4359.0,79.0,2321250.0,1097024.0,1672.0,1098696.0,47.33
4,1.0,1_1_1_131_251,RADJABHO,TEBABHO,SOBORABO,CUC,M,KWILU,589,0.05,3441.0,4359.0,79.0,2321250.0,1097024.0,1672.0,1098696.0,47.33
4,19.0,1_1_1_141_261,TSHIANI K,MUADIAMVITA,NOEL,INDEPENDANT,M,KWILU,273,0.02,3441.0,4359.0,79.0,2321250.0,1097024.0,1672.0,1098696.0,47.33
4,4.0,1_1_1_149_269,SESANGA,HIPUNGU DJA KASENG KAPITU,DELLY,ENVOL,M,KWILU,389,0.04,3441.0,4359.0,79.0,2321250.0,1097024.0,1672.0,1098696.0,47.33
4,23.0,1_1_1_132_252,DIONGO,SHAMBA,FRANCK,MLP,M,KWILU,347,0.03,3441.0,4359.0,79.0,2321250.0,1097024.0,1672.0,1098696.0,47.33
4,12.0,1_1_1_151_271,MAJONDO,MWAMBA,PATRICE,INDEPENDANT,M,KWILU,375,0.03,3441.0,4359.0,79.0,2321250.0,1097024.0,1672.0,1098696.0,47.33
4,14.0,1_1_1_138_258,MUDEKEREZA,BISIMWA,JUSTIN,INDEPENDANT,M,KWILU,151,0.01,3441.0,4359.0,79.0,2321250.0,1097024.0,1672.0,1098696.0,47.33
4,24.0,1_1_1_133_253,MUZITO,FUMUTSHI,ADOLPHE,NOU.EL,M,KWILU,144946,13.21,3441.0,4359.0,79.0,2321250.0,1097024.0,1672.0,1098696.0,47.33
4,9.0,1_1_1_139_259,IFOKU,MPUTA MPUNGA,MARIE-JOSEE,INDEPENDANT,F,KWILU,290,0.03,3441.0,4359.0,79.0,2321250.0,1097024.0,1672.0,1098696.0,47.33
4,15.0,1_1_1_134_254,MUKWEGE,MUKENGERE,DENIS,INDEPENDANT,M,KWILU,464,0.04,3441.0,4359.0,79.0,2321250.0,1097024.0,1672.0,1098696.0,47.33
4,3.0,1_1_1_135_255,KATUMBI,CHAPWE,MOISE,ENSEMBLE,M,KWILU,35551,3.24,3441.0,4359.0,79.0,2321250.0,1097024.0,1672.0,1098696.0,47.33
4,6.0,1_1_1_148_268,BAENDE,ETAFE ELIKO,JEAN CLAUDE,INDEPENDANT,M,KWILU,268,0.02,3441.0,4359.0,79.0,2321250.0,1097024.0,1672.0,1098696.0,47.33
4,17.0,1_1_1_146_266,NGOY,ILUNGA WA NSENGA,THEODORE,INDEPENDANT,M,KWILU,114,0.01,3441.0,4359.0,79.0,2321250.0,1097024.0,1672.0,1098696.0,47.33
4,13.0,1_1_1_147_267,MASALU,ANEDU,ANDRE,INDEPENDANT,M,KWILU,414,0.04,3441.0,4359.0,79.0,2321250.0,1097024.0,1672.0,1098696.0,47.33
4,20.0,1_1_1_143_263,TSHISEKEDI,TSHILOMBO,FELIX ANTOINE,INDEPENDANT,M,KWILU,398449,36.32,3441.0,4359.0,79.0,2321250.0,1097024.0,1672.0,1098696.0,47.33
4,18.0,1_1_1_144_264,NKEMA LILOO,BOKONZI,LOLI,INDEPENDANT,M,KWILU,143,0.01,3441.0,4359.0,79.0,2321250.0,1097024.0,1672.0,1098696.0,47.33
4,5.0,1_1_1_145_265,ANZULUNI,ISILOKETSHI,FLORIBERT,INDEPENDANT,M,KWILU,216,0.02,3441.0,4359.0,79.0,2321250.0,1097024.0,1672.0,1098696.0,47.33
4,7.0,1_1_1_142_262,BOLAMBA,,TONY CASSIUS,INDEPENDANT,M,KWILU,136,0.01,3441.0,4359.0,79.0,2321250.0,1097024.0,1672.0,1098696.0,47.33
5,24.0,1_1_1_133_253,MUZITO,FUMUTSHI,ADOLPHE,NOU.EL,M,MAI-NDOMBE,586,0.15,1548.0,1776.0,87.0,951057.0,395647.0,478.0,396125.0,41.65
5,21.0,1_1_1_137_257,FAYULU,MADIDI,MARTIN,LAMUKAFAYULU,M,MAI-NDOMBE,3989,1.01,1548.0,1776.0,87.0,951057.0,395647.0,478.0,396125.0,41.65
5,12.0,1_1_1_151_271,MAJONDO,MWAMBA,PATRICE,INDEPENDANT,M,MAI-NDOMBE,519,0.13,1548.0,1776.0,87.0,951057.0,395647.0,478.0,396125.0,41.65
5,13.0,1_1_1_147_267,MASALU,ANEDU,ANDRE,INDEPENDANT,M,MAI-NDOMBE,545,0.14,1548.0,1776.0,87.0,951057.0,395647.0,478.0,396125.0,41.65
5,15.0,1_1_1_134_254,MUKWEGE,MUKENGERE,DENIS,INDEPENDANT,M,MAI-NDOMBE,517,0.13,1548.0,1776.0,87.0,951057.0,395647.0,478.0,396125.0,41.65
5,14.0,1_1_1_138_258,MUDEKEREZA,BISIMWA,JUSTIN,INDEPENDANT,M,MAI-NDOMBE,328,0.08,1548.0,1776.0,87.0,951057.0,395647.0,478.0,396125.0,41.65
5,18.0,1_1_1_144_264,NKEMA LILOO,BOKONZI,LOLI,INDEPENDANT,M,MAI-NDOMBE,263,0.07,1548.0,1776.0,87.0,951057.0,395647.0,478.0,396125.0,41.65
5,3.0,1_1_1_135_255,KATUMBI,CHAPWE,MOISE,ENSEMBLE,M,MAI-NDOMBE,5529,1.4,1548.0,1776.0,87.0,951057.0,395647.0,478.0,396125.0,41.65
5,26.0,1_1_1_153_273,NGILA,,HENOCK,INDEPENDANT,M,MAI-NDOMBE,222,0.06,1548.0,1776.0,87.0,951057.0,395647.0,478.0,396125.0,41.65
5,11.0,1_1_1_150_270,KIKUNI,MASUDI,SETH,INDEPENDANT,M,MAI-NDOMBE,175,0.04,1548.0,1776.0,87.0,951057.0,395647.0,478.0,396125.0,41.65
5,25.0,1_1_1_152_272,BILE,BATALI,JOELLE,INDEPENDANT,F,MAI-NDOMBE,187,0.05,1548.0,1776.0,87.0,951057.0,395647.0,478.0,396125.0,41.65
5,5.0,1_1_1_145_265,ANZULUNI,ISILOKETSHI,FLORIBERT,INDEPENDANT,M,MAI-NDOMBE,282,0.07,1548.0,1776.0,87.0,951057.0,395647.0,478.0,396125.0,41.65
5,16.0,1_1_1_136_256,NGALASI,KURISINI,AGGREY,INDEPENDANT,M,MAI-NDOMBE,286,0.07,1548.0,1776.0,87.0,951057.0,395647.0,478.0,396125.0,41.65
5,23.0,1_1_1_132_252,DIONGO,SHAMBA,FRANCK,MLP,M,MAI-NDOMBE,240,0.06,1548.0,1776.0,87.0,951057.0,395647.0,478.0,396125.0,41.65
5,1.0,1_1_1_131_251,RADJABHO,TEBABHO,SOBORABO,CUC,M,MAI-NDOMBE,1142,0.29,1548.0,1776.0,87.0,951057.0,395647.0,478.0,396125.0,41.65
5,10.0,1_1_1_130_250,KAZADI,KANDA,REX,INDEPENDANT,M,MAI-NDOMBE,202,0.05,1548.0,1776.0,87.0,951057.0,395647.0,478.0,396125.0,41.65
5,6.0,1_1_1_148_268,BAENDE,ETAFE ELIKO,JEAN CLAUDE,INDEPENDANT,M,MAI-NDOMBE,327,0.08,1548.0,1776.0,87.0,951057.0,395647.0,478.0,396125.0,41.65
5,7.0,1_1_1_142_262,BOLAMBA,,TONY CASSIUS,INDEPENDANT,M,MAI-NDOMBE,410,0.1,1548.0,1776.0,87.0,951057.0,395647.0,478.0,396125.0,41.65
5,22.0,1_1_1_128_248,MATATA,PONYO,MAPON,LGD,M,MAI-NDOMBE,322,0.08,1548.0,1776.0,87.0,951057.0,395647.0,478.0,396125.0,41.65
5,9.0,1_1_1_139_259,IFOKU,MPUTA MPUNGA,MARIE-JOSEE,INDEPENDANT,F,MAI-NDOMBE,373,0.09,1548.0,1776.0,87.0,951057.0,395647.0,478.0,396125.0,41.65
5,17.0,1_1_1_146_266,NGOY,ILUNGA WA NSENGA,THEODORE,INDEPENDANT,M,MAI-NDOMBE,117,0.03,1548.0,1776.0,87.0,951057.0,395647.0,478.0,396125.0,41.65
5,19.0,1_1_1_141_261,TSHIANI K,MUADIAMVITA,NOEL,INDEPENDANT,M,MAI-NDOMBE,336,0.08,1548.0,1776.0,87.0,951057.0,395647.0,478.0,396125.0,41.65
5,2.0,1_1_1_129_249,MUTAMBA,TUNGUNGA,CONSTANT,DYPRO,M,MAI-NDOMBE,1612,0.41,1548.0,1776.0,87.0,951057.0,395647.0,478.0,396125.0,41.65
5,4.0,1_1_1_149_269,SESANGA,HIPUNGU DJA KASENG KAPITU,DELLY,ENVOL,M,MAI-NDOMBE,437,0.11,1548.0,1776.0,87.0,951057.0,395647.0,478.0,396125.0,41.65
5,20.0,1_1_1_143_263,TSHISEKEDI,TSHILOMBO,FELIX ANTOINE,INDEPENDANT,M,MAI-NDOMBE,376104,95.06,1548.0,1776.0,87.0,951057.0,395647.0,478.0,396125.0,41.65
5,8.0,1_1_1_140_260,BUSE,FALAY,GEORGES,INDEPENDANT,M,MAI-NDOMBE,597,0.15,1548.0,1776.0,87.0,951057.0,395647.0,478.0,396125.0,41.65
6,4.0,1_1_1_149_269,SESANGA,HIPUNGU DJA KASENG KAPITU,DELLY,ENVOL,M,EQUATEUR,184,0.07,1309.0,1961.0,67.0,1021549.0,266369.0,403.0,266772.0,26.11
6,5.0,1_1_1_145_265,ANZULUNI,ISILOKETSHI,FLORIBERT,INDEPENDANT,M,EQUATEUR,142,0.05,1309.0,1961.0,67.0,1021549.0,266369.0,403.0,266772.0,26.11
6,8.0,1_1_1_140_260,BUSE,FALAY,GEORGES,INDEPENDANT,M,EQUATEUR,78,0.03,1309.0,1961.0,67.0,1021549.0,266369.0,403.0,266772.0,26.11
6,23.0,1_1_1_132_252,DIONGO,SHAMBA,FRANCK,MLP,M,EQUATEUR,185,0.07,1309.0,1961.0,67.0,1021549.0,266369.0,403.0,266772.0,26.11
6,24.0,1_1_1_133_253,MUZITO,FUMUTSHI,ADOLPHE,NOU.EL,M,EQUATEUR,114,0.04,1309.0,1961.0,67.0,1021549.0,266369.0,403.0,266772.0,26.11
6,15.0,1_1_1_134_254,MUKWEGE,MUKENGERE,DENIS,INDEPENDANT,M,EQUATEUR,180,0.07,1309.0,1961.0,67.0,1021549.0,266369.0,403.0,266772.0,26.11
6,12.0,1_1_1_151_271,MAJONDO,MWAMBA,PATRICE,INDEPENDANT,M,EQUATEUR,269,0.1,1309.0,1961.0,67.0,1021549.0,266369.0,403.0,266772.0,26.11
6,25.0,1_1_1_152_272,BILE,BATALI,JOELLE,INDEPENDANT,F,EQUATEUR,126,0.05,1309.0,1961.0,67.0,1021549.0,266369.0,403.0,266772.0,26.11
6,21.0,1_1_1_137_257,FAYULU,MADIDI,MARTIN,LAMUKAFAYULU,M,EQUATEUR,1789,0.67,1309.0,1961.0,67.0,1021549.0,266369.0,403.0,266772.0,26.11
6,9.0,1_1_1_139_259,IFOKU,MPUTA MPUNGA,MARIE-JOSEE,INDEPENDANT,F,EQUATEUR,218,0.08,1309.0,1961.0,67.0,1021549.0,266369.0,403.0,266772.0,26.11
6,18.0,1_1_1_144_264,NKEMA LILOO,BOKONZI,LOLI,INDEPENDANT,M,EQUATEUR,158,0.06,1309.0,1961.0,67.0,1021549.0,266369.0,403.0,266772.0,26.11
6,16.0,1_1_1_136_256,NGALASI,KURISINI,AGGREY,INDEPENDANT,M,EQUATEUR,654,0.25,1309.0,1961.0,67.0,1021549.0,266369.0,403.0,266772.0,26.11
6,11.0,1_1_1_150_270,KIKUNI,MASUDI,SETH,INDEPENDANT,M,EQUATEUR,103,0.04,1309.0,1961.0,67.0,1021549.0,266369.0,403.0,266772.0,26.11
6,13.0,1_1_1_147_267,MASALU,ANEDU,ANDRE,INDEPENDANT,M,EQUATEUR,197,0.07,1309.0,1961.0,67.0,1021549.0,266369.0,403.0,266772.0,26.11
6,17.0,1_1_1_146_266,NGOY,ILUNGA WA NSENGA,THEODORE,INDEPENDANT,M,EQUATEUR,71,0.03,1309.0,1961.0,67.0,1021549.0,266369.0,403.0,266772.0,26.11
6,14.0,1_1_1_138_258,MUDEKEREZA,BISIMWA,JUSTIN,INDEPENDANT,M,EQUATEUR,70,0.03,1309.0,1961.0,67.0,1021549.0,266369.0,403.0,266772.0,26.11
6,3.0,1_1_1_135_255,KATUMBI,CHAPWE,MOISE,ENSEMBLE,M,EQUATEUR,9269,3.48,1309.0,1961.0,67.0,1021549.0,266369.0,403.0,266772.0,26.11
6,20.0,1_1_1_143_263,TSHISEKEDI,TSHILOMBO,FELIX ANTOINE,INDEPENDANT,M,EQUATEUR,234831,88.16,1309.0,1961.0,67.0,1021549.0,266369.0,403.0,266772.0,26.11
6,19.0,1_1_1_141_261,TSHIANI K,MUADIAMVITA,NOEL,INDEPENDANT,M,EQUATEUR,302,0.11,1309.0,1961.0,67.0,1021549.0,266369.0,403.0,266772.0,26.11
6,10.0,1_1_1_130_250,KAZADI,KANDA,REX,INDEPENDANT,M,EQUATEUR,137,0.05,1309.0,1961.0,67.0,1021549.0,266369.0,403.0,266772.0,26.11
6,6.0,1_1_1_148_268,BAENDE,ETAFE ELIKO,JEAN CLAUDE,INDEPENDANT,M,EQUATEUR,15864,5.96,1309.0,1961.0,67.0,1021549.0,266369.0,403.0,266772.0,26.11
6,1.0,1_1_1_131_251,RADJABHO,TEBABHO,SOBORABO,CUC,M,EQUATEUR,555,0.21,1309.0,1961.0,67.0,1021549.0,266369.0,403.0,266772.0,26.11
6,7.0,1_1_1_142_262,BOLAMBA,,TONY CASSIUS,INDEPENDANT,M,EQUATEUR,399,0.15,1309.0,1961.0,67.0,1021549.0,266369.0,403.0,266772.0,26.11
6,26.0,1_1_1_153_273,NGILA,,HENOCK,INDEPENDANT,M,EQUATEUR,101,0.04,1309.0,1961.0,67.0,1021549.0,266369.0,403.0,266772.0,26.11
6,22.0,1_1_1_128_248,MATATA,PONYO,MAPON,LGD,M,EQUATEUR,138,0.05,1309.0,1961.0,67.0,1021549.0,266369.0,403.0,266772.0,26.11
6,2.0,1_1_1_129_249,MUTAMBA,TUNGUNGA,CONSTANT,DYPRO,M,EQUATEUR,235,0.09,1309.0,1961.0,67.0,1021549.0,266369.0,403.0,266772.0,26.11
7,6.0,1_1_1_148_268,BAENDE,ETAFE ELIKO,JEAN CLAUDE,INDEPENDANT,M,NORD-UBANGI,388,0.11,1249.0,1433.0,87.0,746993.0,345668.0,416.0,346084.0,46.33
7,13.0,1_1_1_147_267,MASALU,ANEDU,ANDRE,INDEPENDANT,M,NORD-UBANGI,110,0.03,1249.0,1433.0,87.0,746993.0,345668.0,416.0,346084.0,46.33
7,21.0,1_1_1_137_257,FAYULU,MADIDI,MARTIN,LAMUKAFAYULU,M,NORD-UBANGI,926,0.27,1249.0,1433.0,87.0,746993.0,345668.0,416.0,346084.0,46.33
7,25.0,1_1_1_152_272,BILE,BATALI,JOELLE,INDEPENDANT,F,NORD-UBANGI,69,0.02,1249.0,1433.0,87.0,746993.0,345668.0,416.0,346084.0,46.33
7,8.0,1_1_1_140_260,BUSE,FALAY,GEORGES,INDEPENDANT,M,NORD-UBANGI,48,0.01,1249.0,1433.0,87.0,746993.0,345668.0,416.0,346084.0,46.33
7,12.0,1_1_1_151_271,MAJONDO,MWAMBA,PATRICE,INDEPENDANT,M,NORD-UBANGI,281,0.08,1249.0,1433.0,87.0,746993.0,345668.0,416.0,346084.0,46.33
7,2.0,1_1_1_129_249,MUTAMBA,TUNGUNGA,CONSTANT,DYPRO,M,NORD-UBANGI,143,0.04,1249.0,1433.0,87.0,746993.0,345668.0,416.0,346084.0,46.33
7,14.0,1_1_1_138_258,MUDEKEREZA,BISIMWA,JUSTIN,INDEPENDANT,M,NORD-UBANGI,108,0.03,1249.0,1433.0,87.0,746993.0,345668.0,416.0,346084.0,46.33
7,15.0,1_1_1_134_254,MUKWEGE,MUKENGERE,DENIS,INDEPENDANT,M,NORD-UBANGI,92,0.03,1249.0,1433.0,87.0,746993.0,345668.0,416.0,346084.0,46.33
7,16.0,1_1_1_136_256,NGALASI,KURISINI,AGGREY,INDEPENDANT,M,NORD-UBANGI,162,0.05,1249.0,1433.0,87.0,746993.0,345668.0,416.0,346084.0,46.33
7,26.0,1_1_1_153_273,NGILA,,HENOCK,INDEPENDANT,M,NORD-UBANGI,67,0.02,1249.0,1433.0,87.0,746993.0,345668.0,416.0,346084.0,46.33
7,23.0,1_1_1_132_252,DIONGO,SHAMBA,FRANCK,MLP,M,NORD-UBANGI,43,0.01,1249.0,1433.0,87.0,746993.0,345668.0,416.0,346084.0,46.33
7,5.0,1_1_1_145_265,ANZULUNI,ISILOKETSHI,FLORIBERT,INDEPENDANT,M,NORD-UBANGI,164,0.05,1249.0,1433.0,87.0,746993.0,345668.0,416.0,346084.0,46.33
7,22.0,1_1_1_128_248,MATATA,PONYO,MAPON,LGD,M,NORD-UBANGI,105,0.03,1249.0,1433.0,87.0,746993.0,345668.0,416.0,346084.0,46.33
7,1.0,1_1_1_131_251,RADJABHO,TEBABHO,SOBORABO,CUC,M,NORD-UBANGI,708,0.2,1249.0,1433.0,87.0,746993.0,345668.0,416.0,346084.0,46.33
7,24.0,1_1_1_133_253,MUZITO,FUMUTSHI,ADOLPHE,NOU.EL,M,NORD-UBANGI,86,0.02,1249.0,1433.0,87.0,746993.0,345668.0,416.0,346084.0,46.33
7,3.0,1_1_1_135_255,KATUMBI,CHAPWE,MOISE,ENSEMBLE,M,NORD-UBANGI,8207,2.37,1249.0,1433.0,87.0,746993.0,345668.0,416.0,346084.0,46.33
7,17.0,1_1_1_146_266,NGOY,ILUNGA WA NSENGA,THEODORE,INDEPENDANT,M,NORD-UBANGI,63,0.02,1249.0,1433.0,87.0,746993.0,345668.0,416.0,346084.0,46.33
7,9.0,1_1_1_139_259,IFOKU,MPUTA MPUNGA,MARIE-JOSEE,INDEPENDANT,F,NORD-UBANGI,257,0.07,1249.0,1433.0,87.0,746993.0,345668.0,416.0,346084.0,46.33
7,20.0,1_1_1_143_263,TSHISEKEDI,TSHILOMBO,FELIX ANTOINE,INDEPENDANT,M,NORD-UBANGI,333054,96.35,1249.0,1433.0,87.0,746993.0,345668.0,416.0,346084.0,46.33
7,4.0,1_1_1_149_269,SESANGA,HIPUNGU DJA KASENG KAPITU,DELLY,ENVOL,M,NORD-UBANGI,141,0.04,1249.0,1433.0,87.0,746993.0,345668.0,416.0,346084.0,46.33
7,11.0,1_1_1_150_270,KIKUNI,MASUDI,SETH,INDEPENDANT,M,NORD-UBANGI,80,0.02,1249.0,1433.0,87.0,746993.0,345668.0,416.0,346084.0,46.33
7,10.0,1_1_1_130_250,KAZADI,KANDA,REX,INDEPENDANT,M,NORD-UBANGI,72,0.02,1249.0,1433.0,87.0,746993.0,345668.0,416.0,346084.0,46.33
7,7.0,1_1_1_142_262,BOLAMBA,,TONY CASSIUS,INDEPENDANT,M,NORD-UBANGI,81,0.02,1249.0,1433.0,87.0,746993.0,345668.0,416.0,346084.0,46.33
7,18.0,1_1_1_144_264,NKEMA LILOO,BOKONZI,LOLI,INDEPENDANT,M,NORD-UBANGI,91,0.03,1249.0,1433.0,87.0,746993.0,345668.0,416.0,346084.0,46.33
7,19.0,1_1_1_141_261,TSHIANI K,MUADIAMVITA,NOEL,INDEPENDANT,M,NORD-UBANGI,122,0.04,1249.0,1433.0,87.0,746993.0,345668.0,416.0,346084.0,46.33
8,6.0,1_1_1_148_268,BAENDE,ETAFE ELIKO,JEAN CLAUDE,INDEPENDANT,M,SUD-UBANGI,331,0.05,2044.0,2508.0,82.0,1372237.0,611614.0,673.0,612287.0,44.62
8,17.0,1_1_1_146_266,NGOY,ILUNGA WA NSENGA,THEODORE,INDEPENDANT,M,SUD-UBANGI,81,0.01,2044.0,2508.0,82.0,1372237.0,611614.0,673.0,612287.0,44.62
8,5.0,1_1_1_145_265,ANZULUNI,ISILOKETSHI,FLORIBERT,INDEPENDANT,M,SUD-UBANGI,170,0.03,2044.0,2508.0,82.0,1372237.0,611614.0,673.0,612287.0,44.62
8,19.0,1_1_1_141_261,TSHIANI K,MUADIAMVITA,NOEL,INDEPENDANT,M,SUD-UBANGI,296,0.05,2044.0,2508.0,82.0,1372237.0,611614.0,673.0,612287.0,44.62
8,20.0,1_1_1_143_263,TSHISEKEDI,TSHILOMBO,FELIX ANTOINE,INDEPENDANT,M,SUD-UBANGI,583651,95.43,2044.0,2508.0,82.0,1372237.0,611614.0,673.0,612287.0,44.62
8,22.0,1_1_1_128_248,MATATA,PONYO,MAPON,LGD,M,SUD-UBANGI,286,0.05,2044.0,2508.0,82.0,1372237.0,611614.0,673.0,612287.0,44.62
8,16.0,1_1_1_136_256,NGALASI,KURISINI,AGGREY,INDEPENDANT,M,SUD-UBANGI,357,0.06,2044.0,2508.0,82.0,1372237.0,611614.0,673.0,612287.0,44.62
8,10.0,1_1_1_130_250,KAZADI,KANDA,REX,INDEPENDANT,M,SUD-UBANGI,164,0.03,2044.0,2508.0,82.0,1372237.0,611614.0,673.0,612287.0,44.62
8,26.0,1_1_1_153_273,NGILA,,HENOCK,INDEPENDANT,M,SUD-UBANGI,130,0.02,2044.0,2508.0,82.0,1372237.0,611614.0,673.0,612287.0,44.62
8,21.0,1_1_1_137_257,FAYULU,MADIDI,MARTIN,LAMUKAFAYULU,M,SUD-UBANGI,3290,0.54,2044.0,2508.0,82.0,1372237.0,611614.0,673.0,612287.0,44.62
8,14.0,1_1_1_138_258,MUDEKEREZA,BISIMWA,JUSTIN,INDEPENDANT,M,SUD-UBANGI,85,0.01,2044.0,2508.0,82.0,1372237.0,611614.0,673.0,612287.0,44.62
8,1.0,1_1_1_131_251,RADJABHO,TEBABHO,SOBORABO,CUC,M,SUD-UBANGI,821,0.13,2044.0,2508.0,82.0,1372237.0,611614.0,673.0,612287.0,44.62
8,11.0,1_1_1_150_270,KIKUNI,MASUDI,SETH,INDEPENDANT,M,SUD-UBANGI,154,0.03,2044.0,2508.0,82.0,1372237.0,611614.0,673.0,612287.0,44.62
8,2.0,1_1_1_129_249,MUTAMBA,TUNGUNGA,CONSTANT,DYPRO,M,SUD-UBANGI,544,0.09,2044.0,2508.0,82.0,1372237.0,611614.0,673.0,612287.0,44.62
8,4.0,1_1_1_149_269,SESANGA,HIPUNGU DJA KASENG KAPITU,DELLY,ENVOL,M,SUD-UBANGI,349,0.06,2044.0,2508.0,82.0,1372237.0,611614.0,673.0,612287.0,44.62
8,9.0,1_1_1_139_259,IFOKU,MPUTA MPUNGA,MARIE-JOSEE,INDEPENDANT,F,SUD-UBANGI,370,0.06,2044.0,2508.0,82.0,1372237.0,611614.0,673.0,612287.0,44.62
8,7.0,1_1_1_142_262,BOLAMBA,,TONY CASSIUS,INDEPENDANT,M,SUD-UBANGI,159,0.03,2044.0,2508.0,82.0,1372237.0,611614.0,673.0,612287.0,44.62
8,8.0,1_1_1_140_260,BUSE,FALAY,GEORGES,INDEPENDANT,M,SUD-UBANGI,75,0.01,2044.0,2508.0,82.0,1372237.0,611614.0,673.0,612287.0,44.62
8,24.0,1_1_1_133_253,MUZITO,FUMUTSHI,ADOLPHE,NOU.EL,M,SUD-UBANGI,156,0.03,2044.0,2508.0,82.0,1372237.0,611614.0,673.0,612287.0,44.62
8,25.0,1_1_1_152_272,BILE,BATALI,JOELLE,INDEPENDANT,F,SUD-UBANGI,155,0.03,2044.0,2508.0,82.0,1372237.0,611614.0,673.0,612287.0,44.62
8,3.0,1_1_1_135_255,KATUMBI,CHAPWE,MOISE,ENSEMBLE,M,SUD-UBANGI,18415,3.01,2044.0,2508.0,82.0,1372237.0,611614.0,673.0,612287.0,44.62
8,18.0,1_1_1_144_264,NKEMA LILOO,BOKONZI,LOLI,INDEPENDANT,M,SUD-UBANGI,244,0.04,2044.0,2508.0,82.0,1372237.0,611614.0,673.0,612287.0,44.62
8,23.0,1_1_1_132_252,DIONGO,SHAMBA,FRANCK,MLP,M,SUD-UBANGI,104,0.02,2044.0,2508.0,82.0,1372237.0,611614.0,673.0,612287.0,44.62
8,13.0,1_1_1_147_267,MASALU,ANEDU,ANDRE,INDEPENDANT,M,SUD-UBANGI,260,0.04,2044.0,2508.0,82.0,1372237.0,611614.0,673.0,612287.0,44.62
8,12.0,1_1_1_151_271,MAJONDO,MWAMBA,PATRICE,INDEPENDANT,M,SUD-UBANGI,417,0.07,2044.0,2508.0,82.0,1372237.0,611614.0,673.0,612287.0,44.62
8,15.0,1_1_1_134_254,MUKWEGE,MUKENGERE,DENIS,INDEPENDANT,M,SUD-UBANGI,550,0.09,2044.0,2508.0,82.0,1372237.0,611614.0,673.0,612287.0,44.62
9,11.0,1_1_1_150_270,KIKUNI,MASUDI,SETH,INDEPENDANT,M,MONGALA,89,0.02,1277.0,1834.0,70.0,968467.0,430267.0,476.0,430743.0,44.48
9,17.0,1_1_1_146_266,NGOY,ILUNGA WA NSENGA,THEODORE,INDEPENDANT,M,MONGALA,49,0.01,1277.0,1834.0,70.0,968467.0,430267.0,476.0,430743.0,44.48
9,16.0,1_1_1_136_256,NGALASI,KURISINI,AGGREY,INDEPENDANT,M,MONGALA,225,0.05,1277.0,1834.0,70.0,968467.0,430267.0,476.0,430743.0,44.48
9,13.0,1_1_1_147_267,MASALU,ANEDU,ANDRE,INDEPENDANT,M,MONGALA,89,0.02,1277.0,1834.0,70.0,968467.0,430267.0,476.0,430743.0,44.48
9,20.0,1_1_1_143_263,TSHISEKEDI,TSHILOMBO,FELIX ANTOINE,INDEPENDANT,M,MONGALA,412667,95.91,1277.0,1834.0,70.0,968467.0,430267.0,476.0,430743.0,44.48
9,1.0,1_1_1_131_251,RADJABHO,TEBABHO,SOBORABO,CUC,M,MONGALA,254,0.06,1277.0,1834.0,70.0,968467.0,430267.0,476.0,430743.0,44.48
9,3.0,1_1_1_135_255,KATUMBI,CHAPWE,MOISE,ENSEMBLE,M,MONGALA,10076,2.34,1277.0,1834.0,70.0,968467.0,430267.0,476.0,430743.0,44.48
9,24.0,1_1_1_133_253,MUZITO,FUMUTSHI,ADOLPHE,NOU.EL,M,MONGALA,554,0.13,1277.0,1834.0,70.0,968467.0,430267.0,476.0,430743.0,44.48
9,23.0,1_1_1_132_252,DIONGO,SHAMBA,FRANCK,MLP,M,MONGALA,58,0.01,1277.0,1834.0,70.0,968467.0,430267.0,476.0,430743.0,44.48
9,14.0,1_1_1_138_258,MUDEKEREZA,BISIMWA,JUSTIN,INDEPENDANT,M,MONGALA,50,0.01,1277.0,1834.0,70.0,968467.0,430267.0,476.0,430743.0,44.48
9,6.0,1_1_1_148_268,BAENDE,ETAFE ELIKO,JEAN CLAUDE,INDEPENDANT,M,MONGALA,569,0.13,1277.0,1834.0,70.0,968467.0,430267.0,476.0,430743.0,44.48
9,2.0,1_1_1_129_249,MUTAMBA,TUNGUNGA,CONSTANT,DYPRO,M,MONGALA,227,0.05,1277.0,1834.0,70.0,968467.0,430267.0,476.0,430743.0,44.48
9,21.0,1_1_1_137_257,FAYULU,MADIDI,MARTIN,LAMUKAFAYULU,M,MONGALA,3200,0.74,1277.0,1834.0,70.0,968467.0,430267.0,476.0,430743.0,44.48
9,8.0,1_1_1_140_260,BUSE,FALAY,GEORGES,INDEPENDANT,M,MONGALA,42,0.01,1277.0,1834.0,70.0,968467.0,430267.0,476.0,430743.0,44.48
9,10.0,1_1_1_130_250,KAZADI,KANDA,REX,INDEPENDANT,M,MONGALA,86,0.02,1277.0,1834.0,70.0,968467.0,430267.0,476.0,430743.0,44.48
9,26.0,1_1_1_153_273,NGILA,,HENOCK,INDEPENDANT,M,MONGALA,69,0.02,1277.0,1834.0,70.0,968467.0,430267.0,476.0,430743.0,44.48
9,15.0,1_1_1_134_254,MUKWEGE,MUKENGERE,DENIS,INDEPENDANT,M,MONGALA,181,0.04,1277.0,1834.0,70.0,968467.0,430267.0,476.0,430743.0,44.48
9,19.0,1_1_1_141_261,TSHIANI K,MUADIAMVITA,NOEL,INDEPENDANT,M,MONGALA,161,0.04,1277.0,1834.0,70.0,968467.0,430267.0,476.0,430743.0,44.48
9,9.0,1_1_1_139_259,IFOKU,MPUTA MPUNGA,MARIE-JOSEE,INDEPENDANT,F,MONGALA,260,0.06,1277.0,1834.0,70.0,968467.0,430267.0,476.0,430743.0,44.48
9,22.0,1_1_1_128_248,MATATA,PONYO,MAPON,LGD,M,MONGALA,211,0.05,1277.0,1834.0,70.0,968467.0,430267.0,476.0,430743.0,44.48
9,4.0,1_1_1_149_269,SESANGA,HIPUNGU DJA KASENG KAPITU,DELLY,ENVOL,M,MONGALA,172,0.04,1277.0,1834.0,70.0,968467.0,430267.0,476.0,430743.0,44.48
9,18.0,1_1_1_144_264,NKEMA LILOO,BOKONZI,LOLI,INDEPENDANT,M,MONGALA,45,0.01,1277.0,1834.0,70.0,968467.0,430267.0,476.0,430743.0,44.48
9,7.0,1_1_1_142_262,BOLAMBA,,TONY CASSIUS,INDEPENDANT,M,MONGALA,110,0.03,1277.0,1834.0,70.0,968467.0,430267.0,476.0,430743.0,44.48
9,5.0,1_1_1_145_265,ANZULUNI,ISILOKETSHI,FLORIBERT,INDEPENDANT,M,MONGALA,85,0.02,1277.0,1834.0,70.0,968467.0,430267.0,476.0,430743.0,44.48
9,25.0,1_1_1_152_272,BILE,BATALI,JOELLE,INDEPENDANT,F,MONGALA,601,0.14,1277.0,1834.0,70.0,968467.0,430267.0,476.0,430743.0,44.48
9,12.0,1_1_1_151_271,MAJONDO,MWAMBA,PATRICE,INDEPENDANT,M,MONGALA,137,0.03,1277.0,1834.0,70.0,968467.0,430267.0,476.0,430743.0,44.48
10,13.0,1_1_1_147_267,MASALU,ANEDU,ANDRE,INDEPENDANT,M,TSHUAPA,207,0.07,978.0,1633.0,60.0,758788.0,286222.0,788.0,287010.0,37.82
10,16.0,1_1_1_136_256,NGALASI,KURISINI,AGGREY,INDEPENDANT,M,TSHUAPA,114,0.04,978.0,1633.0,60.0,758788.0,286222.0,788.0,287010.0,37.82
10,22.0,1_1_1_128_248,MATATA,PONYO,MAPON,LGD,M,TSHUAPA,180,0.06,978.0,1633.0,60.0,758788.0,286222.0,788.0,287010.0,37.82
10,1.0,1_1_1_131_251,RADJABHO,TEBABHO,SOBORABO,CUC,M,TSHUAPA,403,0.14,978.0,1633.0,60.0,758788.0,286222.0,788.0,287010.0,37.82
10,19.0,1_1_1_141_261,TSHIANI K,MUADIAMVITA,NOEL,INDEPENDANT,M,TSHUAPA,107,0.04,978.0,1633.0,60.0,758788.0,286222.0,788.0,287010.0,37.82
10,18.0,1_1_1_144_264,NKEMA LILOO,BOKONZI,LOLI,INDEPENDANT,M,TSHUAPA,9741,3.4,978.0,1633.0,60.0,758788.0,286222.0,788.0,287010.0,37.82
10,6.0,1_1_1_148_268,BAENDE,ETAFE ELIKO,JEAN CLAUDE,INDEPENDANT,M,TSHUAPA,411,0.14,978.0,1633.0,60.0,758788.0,286222.0,788.0,287010.0,37.82
10,3.0,1_1_1_135_255,KATUMBI,CHAPWE,MOISE,ENSEMBLE,M,TSHUAPA,5871,2.05,978.0,1633.0,60.0,758788.0,286222.0,788.0,287010.0,37.82
10,20.0,1_1_1_143_263,TSHISEKEDI,TSHILOMBO,FELIX ANTOINE,INDEPENDANT,M,TSHUAPA,264109,92.27,978.0,1633.0,60.0,758788.0,286222.0,788.0,287010.0,37.82
10,9.0,1_1_1_139_259,IFOKU,MPUTA MPUNGA,MARIE-JOSEE,INDEPENDANT,F,TSHUAPA,1827,0.64,978.0,1633.0,60.0,758788.0,286222.0,788.0,287010.0,37.82
10,12.0,1_1_1_151_271,MAJONDO,MWAMBA,PATRICE,INDEPENDANT,M,TSHUAPA,185,0.06,978.0,1633.0,60.0,758788.0,286222.0,788.0,287010.0,37.82
10,15.0,1_1_1_134_254,MUKWEGE,MUKENGERE,DENIS,INDEPENDANT,M,TSHUAPA,127,0.04,978.0,1633.0,60.0,758788.0,286222.0,788.0,287010.0,37.82
10,26.0,1_1_1_153_273,NGILA,,HENOCK,INDEPENDANT,M,TSHUAPA,69,0.02,978.0,1633.0,60.0,758788.0,286222.0,788.0,287010.0,37.82
10,7.0,1_1_1_142_262,BOLAMBA,,TONY CASSIUS,INDEPENDANT,M,TSHUAPA,143,0.05,978.0,1633.0,60.0,758788.0,286222.0,788.0,287010.0,37.82
10,2.0,1_1_1_129_249,MUTAMBA,TUNGUNGA,CONSTANT,DYPRO,M,TSHUAPA,75,0.03,978.0,1633.0,60.0,758788.0,286222.0,788.0,287010.0,37.82
10,4.0,1_1_1_149_269,SESANGA,HIPUNGU DJA KASENG KAPITU,DELLY,ENVOL,M,TSHUAPA,176,0.06,978.0,1633.0,60.0,758788.0,286222.0,788.0,287010.0,37.82
10,11.0,1_1_1_150_270,KIKUNI,MASUDI,SETH,INDEPENDANT,M,TSHUAPA,104,0.04,978.0,1633.0,60.0,758788.0,286222.0,788.0,287010.0,37.82
10,25.0,1_1_1_152_272,BILE,BATALI,JOELLE,INDEPENDANT,F,TSHUAPA,76,0.03,978.0,1633.0,60.0,758788.0,286222.0,788.0,287010.0,37.82
10,8.0,1_1_1_140_260,BUSE,FALAY,GEORGES,INDEPENDANT,M,TSHUAPA,60,0.02,978.0,1633.0,60.0,758788.0,286222.0,788.0,287010.0,37.82
10,10.0,1_1_1_130_250,KAZADI,KANDA,REX,INDEPENDANT,M,TSHUAPA,79,0.03,978.0,1633.0,60.0,758788.0,286222.0,788.0,287010.0,37.82
10,17.0,1_1_1_146_266,NGOY,ILUNGA WA NSENGA,THEODORE,INDEPENDANT,M,TSHUAPA,44,0.02,978.0,1633.0,60.0,758788.0,286222.0,788.0,287010.0,37.82
10,5.0,1_1_1_145_265,ANZULUNI,ISILOKETSHI,FLORIBERT,INDEPENDANT,M,TSHUAPA,74,0.03,978.0,1633.0,60.0,758788.0,286222.0,788.0,287010.0,37.82
10,14.0,1_1_1_138_258,MUDEKEREZA,BISIMWA,JUSTIN,INDEPENDANT,M,TSHUAPA,35,0.01,978.0,1633.0,60.0,758788.0,286222.0,788.0,287010.0,37.82
10,24.0,1_1_1_133_253,MUZITO,FUMUTSHI,ADOLPHE,NOU.EL,M,TSHUAPA,75,0.03,978.0,1633.0,60.0,758788.0,286222.0,788.0,287010.0,37.82
10,23.0,1_1_1_132_252,DIONGO,SHAMBA,FRANCK,MLP,M,TSHUAPA,78,0.03,978.0,1633.0,60.0,758788.0,286222.0,788.0,287010.0,37.82
10,21.0,1_1_1_137_257,FAYULU,MADIDI,MARTIN,LAMUKAFAYULU,M,TSHUAPA,1852,0.65,978.0,1633.0,60.0,758788.0,286222.0,788.0,287010.0,37.82
11,6.0,1_1_1_148_268,BAENDE,ETAFE ELIKO,JEAN CLAUDE,INDEPENDANT,M,TSHOPO,567,0.1,2380.0,2499.0,95.0,1409186.0,551162.0,1151.0,552313.0,39.19
11,4.0,1_1_1_149_269,SESANGA,HIPUNGU DJA KASENG KAPITU,DELLY,ENVOL,M,TSHOPO,874,0.16,2380.0,2499.0,95.0,1409186.0,551162.0,1151.0,552313.0,39.19
11,2.0,1_1_1_129_249,MUTAMBA,TUNGUNGA,CONSTANT,DYPRO,M,TSHOPO,2187,0.4,2380.0,2499.0,95.0,1409186.0,551162.0,1151.0,552313.0,39.19
11,19.0,1_1_1_141_261,TSHIANI K,MUADIAMVITA,NOEL,INDEPENDANT,M,TSHOPO,357,0.06,2380.0,2499.0,95.0,1409186.0,551162.0,1151.0,552313.0,39.19
11,9.0,1_1_1_139_259,IFOKU,MPUTA MPUNGA,MARIE-JOSEE,INDEPENDANT,F,TSHOPO,570,0.1,2380.0,2499.0,95.0,1409186.0,551162.0,1151.0,552313.0,39.19
11,26.0,1_1_1_153_273,NGILA,,HENOCK,INDEPENDANT,M,TSHOPO,268,0.05,2380.0,2499.0,95.0,1409186.0,551162.0,1151.0,552313.0,39.19
11,24.0,1_1_1_133_253,MUZITO,FUMUTSHI,ADOLPHE,NOU.EL,M,TSHOPO,590,0.11,2380.0,2499.0,95.0,1409186.0,551162.0,1151.0,552313.0,39.19
11,8.0,1_1_1_140_260,BUSE,FALAY,GEORGES,INDEPENDANT,M,TSHOPO,349,0.06,2380.0,2499.0,95.0,1409186.0,551162.0,1151.0,552313.0,39.19
11,22.0,1_1_1_128_248,MATATA,PONYO,MAPON,LGD,M,TSHOPO,563,0.1,2380.0,2499.0,95.0,1409186.0,551162.0,1151.0,552313.0,39.19
11,23.0,1_1_1_132_252,DIONGO,SHAMBA,FRANCK,MLP,M,TSHOPO,396,0.07,2380.0,2499.0,95.0,1409186.0,551162.0,1151.0,552313.0,39.19
11,12.0,1_1_1_151_271,MAJONDO,MWAMBA,PATRICE,INDEPENDANT,M,TSHOPO,903,0.16,2380.0,2499.0,95.0,1409186.0,551162.0,1151.0,552313.0,39.19
11,7.0,1_1_1_142_262,BOLAMBA,,TONY CASSIUS,INDEPENDANT,M,TSHOPO,344,0.06,2380.0,2499.0,95.0,1409186.0,551162.0,1151.0,552313.0,39.19
11,1.0,1_1_1_131_251,RADJABHO,TEBABHO,SOBORABO,CUC,M,TSHOPO,2763,0.5,2380.0,2499.0,95.0,1409186.0,551162.0,1151.0,552313.0,39.19
11,13.0,1_1_1_147_267,MASALU,ANEDU,ANDRE,INDEPENDANT,M,TSHOPO,998,0.18,2380.0,2499.0,95.0,1409186.0,551162.0,1151.0,552313.0,39.19
11,16.0,1_1_1_136_256,NGALASI,KURISINI,AGGREY,INDEPENDANT,M,TSHOPO,540,0.1,2380.0,2499.0,95.0,1409186.0,551162.0,1151.0,552313.0,39.19
11,5.0,1_1_1_145_265,ANZULUNI,ISILOKETSHI,FLORIBERT,INDEPENDANT,M,TSHOPO,564,0.1,2380.0,2499.0,95.0,1409186.0,551162.0,1151.0,552313.0,39.19
11,11.0,1_1_1_150_270,KIKUNI,MASUDI,SETH,INDEPENDANT,M,TSHOPO,392,0.07,2380.0,2499.0,95.0,1409186.0,551162.0,1151.0,552313.0,39.19
11,21.0,1_1_1_137_257,FAYULU,MADIDI,MARTIN,LAMUKAFAYULU,M,TSHOPO,3543,0.64,2380.0,2499.0,95.0,1409186.0,551162.0,1151.0,552313.0,39.19
11,10.0,1_1_1_130_250,KAZADI,KANDA,REX,INDEPENDANT,M,TSHOPO,228,0.04,2380.0,2499.0,95.0,1409186.0,551162.0,1151.0,552313.0,39.19
11,17.0,1_1_1_146_266,NGOY,ILUNGA WA NSENGA,THEODORE,INDEPENDANT,M,TSHOPO,114,0.02,2380.0,2499.0,95.0,1409186.0,551162.0,1151.0,552313.0,39.19
11,18.0,1_1_1_144_264,NKEMA LILOO,BOKONZI,LOLI,INDEPENDANT,M,TSHOPO,380,0.07,2380.0,2499.0,95.0,1409186.0,551162.0,1151.0,552313.0,39.19
11,20.0,1_1_1_143_263,TSHISEKEDI,TSHILOMBO,FELIX ANTOINE,INDEPENDANT,M,TSHOPO,439380,79.72,2380.0,2499.0,95.0,1409186.0,551162.0,1151.0,552313.0,39.19
11,3.0,1_1_1_135_255,KATUMBI,CHAPWE,MOISE,ENSEMBLE,M,TSHOPO,92848,16.85,2380.0,2499.0,95.0,1409186.0,551162.0,1151.0,552313.0,39.19
11,14.0,1_1_1_138_258,MUDEKEREZA,BISIMWA,JUSTIN,INDEPENDANT,M,TSHOPO,196,0.04,2380.0,2499.0,95.0,1409186.0,551162.0,1151.0,552313.0,39.19
11,25.0,1_1_1_152_272,BILE,BATALI,JOELLE,INDEPENDANT,F,TSHOPO,253,0.05,2380.0,2499.0,95.0,1409186.0,551162.0,1151.0,552313.0,39.19
11,15.0,1_1_1_134_254,MUKWEGE,MUKENGERE,DENIS,INDEPENDANT,M,TSHOPO,995,0.18,2380.0,2499.0,95.0,1409186.0,551162.0,1151.0,552313.0,39.19
12,26.0,1_1_1_153_273,NGILA,,HENOCK,INDEPENDANT,M,BAS-UELE,138,0.08,950.0,1092.0,87.0,506522.0,175088.0,230.0,175318.0,34.61
12,12.0,1_1_1_151_271,MAJONDO,MWAMBA,PATRICE,INDEPENDANT,M,BAS-UELE,544,0.31,950.0,1092.0,87.0,506522.0,175088.0,230.0,175318.0,34.61
12,15.0,1_1_1_134_254,MUKWEGE,MUKENGERE,DENIS,INDEPENDANT,M,BAS-UELE,239,0.14,950.0,1092.0,87.0,506522.0,175088.0,230.0,175318.0,34.61
12,19.0,1_1_1_141_261,TSHIANI K,MUADIAMVITA,NOEL,INDEPENDANT,M,BAS-UELE,166,0.09,950.0,1092.0,87.0,506522.0,175088.0,230.0,175318.0,34.61
12,10.0,1_1_1_130_250,KAZADI,KANDA,REX,INDEPENDANT,M,BAS-UELE,241,0.14,950.0,1092.0,87.0,506522.0,175088.0,230.0,175318.0,34.61
12,6.0,1_1_1_148_268,BAENDE,ETAFE ELIKO,JEAN CLAUDE,INDEPENDANT,M,BAS-UELE,321,0.18,950.0,1092.0,87.0,506522.0,175088.0,230.0,175318.0,34.61
12,9.0,1_1_1_139_259,IFOKU,MPUTA MPUNGA,MARIE-JOSEE,INDEPENDANT,F,BAS-UELE,473,0.27,950.0,1092.0,87.0,506522.0,175088.0,230.0,175318.0,34.61
12,8.0,1_1_1_140_260,BUSE,FALAY,GEORGES,INDEPENDANT,M,BAS-UELE,153,0.09,950.0,1092.0,87.0,506522.0,175088.0,230.0,175318.0,34.61
12,24.0,1_1_1_133_253,MUZITO,FUMUTSHI,ADOLPHE,NOU.EL,M,BAS-UELE,148,0.08,950.0,1092.0,87.0,506522.0,175088.0,230.0,175318.0,34.61
12,3.0,1_1_1_135_255,KATUMBI,CHAPWE,MOISE,ENSEMBLE,M,BAS-UELE,15881,9.07,950.0,1092.0,87.0,506522.0,175088.0,230.0,175318.0,34.61
12,18.0,1_1_1_144_264,NKEMA LILOO,BOKONZI,LOLI,INDEPENDANT,M,BAS-UELE,226,0.13,950.0,1092.0,87.0,506522.0,175088.0,230.0,175318.0,34.61
12,1.0,1_1_1_131_251,RADJABHO,TEBABHO,SOBORABO,CUC,M,BAS-UELE,1263,0.72,950.0,1092.0,87.0,506522.0,175088.0,230.0,175318.0,34.61
12,20.0,1_1_1_143_263,TSHISEKEDI,TSHILOMBO,FELIX ANTOINE,INDEPENDANT,M,BAS-UELE,150277,85.83,950.0,1092.0,87.0,506522.0,175088.0,230.0,175318.0,34.61
12,2.0,1_1_1_129_249,MUTAMBA,TUNGUNGA,CONSTANT,DYPRO,M,BAS-UELE,417,0.24,950.0,1092.0,87.0,506522.0,175088.0,230.0,175318.0,34.61
12,4.0,1_1_1_149_269,SESANGA,HIPUNGU DJA KASENG KAPITU,DELLY,ENVOL,M,BAS-UELE,666,0.38,950.0,1092.0,87.0,506522.0,175088.0,230.0,175318.0,34.61
12,14.0,1_1_1_138_258,MUDEKEREZA,BISIMWA,JUSTIN,INDEPENDANT,M,BAS-UELE,142,0.08,950.0,1092.0,87.0,506522.0,175088.0,230.0,175318.0,34.61
12,22.0,1_1_1_128_248,MATATA,PONYO,MAPON,LGD,M,BAS-UELE,302,0.17,950.0,1092.0,87.0,506522.0,175088.0,230.0,175318.0,34.61
12,21.0,1_1_1_137_257,FAYULU,MADIDI,MARTIN,LAMUKAFAYULU,M,BAS-UELE,1308,0.75,950.0,1092.0,87.0,506522.0,175088.0,230.0,175318.0,34.61
12,7.0,1_1_1_142_262,BOLAMBA,,TONY CASSIUS,INDEPENDANT,M,BAS-UELE,170,0.1,950.0,1092.0,87.0,506522.0,175088.0,230.0,175318.0,34.61
12,25.0,1_1_1_152_272,BILE,BATALI,JOELLE,INDEPENDANT,F,BAS-UELE,255,0.15,950.0,1092.0,87.0,506522.0,175088.0,230.0,175318.0,34.61
12,23.0,1_1_1_132_252,DIONGO,SHAMBA,FRANCK,MLP,M,BAS-UELE,148,0.08,950.0,1092.0,87.0,506522.0,175088.0,230.0,175318.0,34.61
12,5.0,1_1_1_145_265,ANZULUNI,ISILOKETSHI,FLORIBERT,INDEPENDANT,M,BAS-UELE,357,0.2,950.0,1092.0,87.0,506522.0,175088.0,230.0,175318.0,34.61
12,16.0,1_1_1_136_256,NGALASI,KURISINI,AGGREY,INDEPENDANT,M,BAS-UELE,175,0.1,950.0,1092.0,87.0,506522.0,175088.0,230.0,175318.0,34.61
12,17.0,1_1_1_146_266,NGOY,ILUNGA WA NSENGA,THEODORE,INDEPENDANT,M,BAS-UELE,119,0.07,950.0,1092.0,87.0,506522.0,175088.0,230.0,175318.0,34.61
12,11.0,1_1_1_150_270,KIKUNI,MASUDI,SETH,INDEPENDANT,M,BAS-UELE,179,0.1,950.0,1092.0,87.0,506522.0,175088.0,230.0,175318.0,34.61
12,13.0,1_1_1_147_267,MASALU,ANEDU,ANDRE,INDEPENDANT,M,BAS-UELE,780,0.45,950.0,1092.0,87.0,506522.0,175088.0,230.0,175318.0,34.61
13,9.0,1_1_1_139_259,IFOKU,MPUTA MPUNGA,MARIE-JOSEE,INDEPENDANT,F,HAUT-UELE,1054,0.31,1788.0,1939.0,92.0,1020231.0,342943.0,471.0,343414.0,33.66
13,19.0,1_1_1_141_261,TSHIANI K,MUADIAMVITA,NOEL,INDEPENDANT,M,HAUT-UELE,822,0.24,1788.0,1939.0,92.0,1020231.0,342943.0,471.0,343414.0,33.66
13,4.0,1_1_1_149_269,SESANGA,HIPUNGU DJA KASENG KAPITU,DELLY,ENVOL,M,HAUT-UELE,2950,0.86,1788.0,1939.0,92.0,1020231.0,342943.0,471.0,343414.0,33.66
13,14.0,1_1_1_138_258,MUDEKEREZA,BISIMWA,JUSTIN,INDEPENDANT,M,HAUT-UELE,934,0.27,1788.0,1939.0,92.0,1020231.0,342943.0,471.0,343414.0,33.66
13,6.0,1_1_1_148_268,BAENDE,ETAFE ELIKO,JEAN CLAUDE,INDEPENDANT,M,HAUT-UELE,1649,0.48,1788.0,1939.0,92.0,1020231.0,342943.0,471.0,343414.0,33.66
13,8.0,1_1_1_140_260,BUSE,FALAY,GEORGES,INDEPENDANT,M,HAUT-UELE,724,0.21,1788.0,1939.0,92.0,1020231.0,342943.0,471.0,343414.0,33.66
13,20.0,1_1_1_143_263,TSHISEKEDI,TSHILOMBO,FELIX ANTOINE,INDEPENDANT,M,HAUT-UELE,280260,81.72,1788.0,1939.0,92.0,1020231.0,342943.0,471.0,343414.0,33.66
13,7.0,1_1_1_142_262,BOLAMBA,,TONY CASSIUS,INDEPENDANT,M,HAUT-UELE,795,0.23,1788.0,1939.0,92.0,1020231.0,342943.0,471.0,343414.0,33.66
13,13.0,1_1_1_147_267,MASALU,ANEDU,ANDRE,INDEPENDANT,M,HAUT-UELE,2294,0.67,1788.0,1939.0,92.0,1020231.0,342943.0,471.0,343414.0,33.66
13,11.0,1_1_1_150_270,KIKUNI,MASUDI,SETH,INDEPENDANT,M,HAUT-UELE,788,0.23,1788.0,1939.0,92.0,1020231.0,342943.0,471.0,343414.0,33.66
13,12.0,1_1_1_151_271,MAJONDO,MWAMBA,PATRICE,INDEPENDANT,M,HAUT-UELE,2161,0.63,1788.0,1939.0,92.0,1020231.0,342943.0,471.0,343414.0,33.66
13,10.0,1_1_1_130_250,KAZADI,KANDA,REX,INDEPENDANT,M,HAUT-UELE,581,0.17,1788.0,1939.0,92.0,1020231.0,342943.0,471.0,343414.0,33.66
13,15.0,1_1_1_134_254,MUKWEGE,MUKENGERE,DENIS,INDEPENDANT,M,HAUT-UELE,1051,0.31,1788.0,1939.0,92.0,1020231.0,342943.0,471.0,343414.0,33.66
13,25.0,1_1_1_152_272,BILE,BATALI,JOELLE,INDEPENDANT,F,HAUT-UELE,698,0.2,1788.0,1939.0,92.0,1020231.0,342943.0,471.0,343414.0,33.66
13,24.0,1_1_1_133_253,MUZITO,FUMUTSHI,ADOLPHE,NOU.EL,M,HAUT-UELE,1255,0.37,1788.0,1939.0,92.0,1020231.0,342943.0,471.0,343414.0,33.66
13,23.0,1_1_1_132_252,DIONGO,SHAMBA,FRANCK,MLP,M,HAUT-UELE,681,0.2,1788.0,1939.0,92.0,1020231.0,342943.0,471.0,343414.0,33.66
13,18.0,1_1_1_144_264,NKEMA LILOO,BOKONZI,LOLI,INDEPENDANT,M,HAUT-UELE,972,0.28,1788.0,1939.0,92.0,1020231.0,342943.0,471.0,343414.0,33.66
13,5.0,1_1_1_145_265,ANZULUNI,ISILOKETSHI,FLORIBERT,INDEPENDANT,M,HAUT-UELE,1638,0.48,1788.0,1939.0,92.0,1020231.0,342943.0,471.0,343414.0,33.66
13,2.0,1_1_1_129_249,MUTAMBA,TUNGUNGA,CONSTANT,DYPRO,M,HAUT-UELE,1334,0.39,1788.0,1939.0,92.0,1020231.0,342943.0,471.0,343414.0,33.66
13,17.0,1_1_1_146_266,NGOY,ILUNGA WA NSENGA,THEODORE,INDEPENDANT,M,HAUT-UELE,520,0.15,1788.0,1939.0,92.0,1020231.0,342943.0,471.0,343414.0,33.66
13,16.0,1_1_1_136_256,NGALASI,KURISINI,AGGREY,INDEPENDANT,M,HAUT-UELE,593,0.17,1788.0,1939.0,92.0,1020231.0,342943.0,471.0,343414.0,33.66
13,26.0,1_1_1_153_273,NGILA,,HENOCK,INDEPENDANT,M,HAUT-UELE,543,0.16,1788.0,1939.0,92.0,1020231.0,342943.0,471.0,343414.0,33.66
13,21.0,1_1_1_137_257,FAYULU,MADIDI,MARTIN,LAMUKAFAYULU,M,HAUT-UELE,5351,1.56,1788.0,1939.0,92.0,1020231.0,342943.0,471.0,343414.0,33.66
13,22.0,1_1_1_128_248,MATATA,PONYO,MAPON,LGD,M,HAUT-UELE,1339,0.39,1788.0,1939.0,92.0,1020231.0,342943.0,471.0,343414.0,33.66
13,3.0,1_1_1_135_255,KATUMBI,CHAPWE,MOISE,ENSEMBLE,M,HAUT-UELE,28216,8.23,1788.0,1939.0,92.0,1020231.0,342943.0,471.0,343414.0,33.66
13,1.0,1_1_1_131_251,RADJABHO,TEBABHO,SOBORABO,CUC,M,HAUT-UELE,3740,1.09,1788.0,1939.0,92.0,1020231.0,342943.0,471.0,343414.0,33.66
14,6.0,1_1_1_148_268,BAENDE,ETAFE ELIKO,JEAN CLAUDE,INDEPENDANT,M,ITURI,905,0.09,3740.0,4275.0,87.0,2546796.0,1021127.0,1452.0,1022579.0,40.15
14,25.0,1_1_1_152_272,BILE,BATALI,JOELLE,INDEPENDANT,F,ITURI,649,0.06,3740.0,4275.0,87.0,2546796.0,1021127.0,1452.0,1022579.0,40.15
14,5.0,1_1_1_145_265,ANZULUNI,ISILOKETSHI,FLORIBERT,INDEPENDANT,M,ITURI,1504,0.15,3740.0,4275.0,87.0,2546796.0,1021127.0,1452.0,1022579.0,40.15
14,10.0,1_1_1_130_250,KAZADI,KANDA,REX,INDEPENDANT,M,ITURI,870,0.09,3740.0,4275.0,87.0,2546796.0,1021127.0,1452.0,1022579.0,40.15
14,19.0,1_1_1_141_261,TSHIANI K,MUADIAMVITA,NOEL,INDEPENDANT,M,ITURI,1042,0.1,3740.0,4275.0,87.0,2546796.0,1021127.0,1452.0,1022579.0,40.15
14,2.0,1_1_1_129_249,MUTAMBA,TUNGUNGA,CONSTANT,DYPRO,M,ITURI,2459,0.24,3740.0,4275.0,87.0,2546796.0,1021127.0,1452.0,1022579.0,40.15
14,26.0,1_1_1_153_273,NGILA,,HENOCK,INDEPENDANT,M,ITURI,957,0.09,3740.0,4275.0,87.0,2546796.0,1021127.0,1452.0,1022579.0,40.15
14,22.0,1_1_1_128_248,MATATA,PONYO,MAPON,LGD,M,ITURI,1673,0.16,3740.0,4275.0,87.0,2546796.0,1021127.0,1452.0,1022579.0,40.15
14,7.0,1_1_1_142_262,BOLAMBA,,TONY CASSIUS,INDEPENDANT,M,ITURI,694,0.07,3740.0,4275.0,87.0,2546796.0,1021127.0,1452.0,1022579.0,40.15
14,17.0,1_1_1_146_266,NGOY,ILUNGA WA NSENGA,THEODORE,INDEPENDANT,M,ITURI,378,0.04,3740.0,4275.0,87.0,2546796.0,1021127.0,1452.0,1022579.0,40.15
14,15.0,1_1_1_134_254,MUKWEGE,MUKENGERE,DENIS,INDEPENDANT,M,ITURI,1397,0.14,3740.0,4275.0,87.0,2546796.0,1021127.0,1452.0,1022579.0,40.15
14,21.0,1_1_1_137_257,FAYULU,MADIDI,MARTIN,LAMUKAFAYULU,M,ITURI,9788,0.96,3740.0,4275.0,87.0,2546796.0,1021127.0,1452.0,1022579.0,40.15
14,14.0,1_1_1_138_258,MUDEKEREZA,BISIMWA,JUSTIN,INDEPENDANT,M,ITURI,564,0.06,3740.0,4275.0,87.0,2546796.0,1021127.0,1452.0,1022579.0,40.15
14,4.0,1_1_1_149_269,SESANGA,HIPUNGU DJA KASENG KAPITU,DELLY,ENVOL,M,ITURI,3042,0.3,3740.0,4275.0,87.0,2546796.0,1021127.0,1452.0,1022579.0,40.15
14,16.0,1_1_1_136_256,NGALASI,KURISINI,AGGREY,INDEPENDANT,M,ITURI,1399,0.14,3740.0,4275.0,87.0,2546796.0,1021127.0,1452.0,1022579.0,40.15
14,11.0,1_1_1_150_270,KIKUNI,MASUDI,SETH,INDEPENDANT,M,ITURI,1100,0.11,3740.0,4275.0,87.0,2546796.0,1021127.0,1452.0,1022579.0,40.15
14,23.0,1_1_1_132_252,DIONGO,SHAMBA,FRANCK,MLP,M,ITURI,1071,0.1,3740.0,4275.0,87.0,2546796.0,1021127.0,1452.0,1022579.0,40.15
14,18.0,1_1_1_144_264,NKEMA LILOO,BOKONZI,LOLI,INDEPENDANT,M,ITURI,1463,0.14,3740.0,4275.0,87.0,2546796.0,1021127.0,1452.0,1022579.0,40.15
14,1.0,1_1_1_131_251,RADJABHO,TEBABHO,SOBORABO,CUC,M,ITURI,42931,4.2,3740.0,4275.0,87.0,2546796.0,1021127.0,1452.0,1022579.0,40.15
14,9.0,1_1_1_139_259,IFOKU,MPUTA MPUNGA,MARIE-JOSEE,INDEPENDANT,F,ITURI,1097,0.11,3740.0,4275.0,87.0,2546796.0,1021127.0,1452.0,1022579.0,40.15
14,13.0,1_1_1_147_267,MASALU,ANEDU,ANDRE,INDEPENDANT,M,ITURI,1785,0.17,3740.0,4275.0,87.0,2546796.0,1021127.0,1452.0,1022579.0,40.15
14,12.0,1_1_1_151_271,MAJONDO,MWAMBA,PATRICE,INDEPENDANT,M,ITURI,2642,0.26,3740.0,4275.0,87.0,2546796.0,1021127.0,1452.0,1022579.0,40.15
14,24.0,1_1_1_133_253,MUZITO,FUMUTSHI,ADOLPHE,NOU.EL,M,ITURI,1082,0.11,3740.0,4275.0,87.0,2546796.0,1021127.0,1452.0,1022579.0,40.15
14,20.0,1_1_1_143_263,TSHISEKEDI,TSHILOMBO,FELIX ANTOINE,INDEPENDANT,M,ITURI,624933,61.2,3740.0,4275.0,87.0,2546796.0,1021127.0,1452.0,1022579.0,40.15
14,8.0,1_1_1_140_260,BUSE,FALAY,GEORGES,INDEPENDANT,M,ITURI,639,0.06,3740.0,4275.0,87.0,2546796.0,1021127.0,1452.0,1022579.0,40.15
14,3.0,1_1_1_135_255,KATUMBI,CHAPWE,MOISE,ENSEMBLE,M,ITURI,315063,30.85,3740.0,4275.0,87.0,2546796.0,1021127.0,1452.0,1022579.0,40.15
15,24.0,1_1_1_133_253,MUZITO,FUMUTSHI,ADOLPHE,NOU.EL,M,NORD-KIVU,558,0.04,4232.0,4676.0,91.0,2800740.0,1379575.0,948.0,1380523.0,49.29
15,3.0,1_1_1_135_255,KATUMBI,CHAPWE,MOISE,ENSEMBLE,M,NORD-KIVU,104169,7.55,4232.0,4676.0,91.0,2800740.0,1379575.0,948.0,1380523.0,49.29
15,19.0,1_1_1_141_261,TSHIANI K,MUADIAMVITA,NOEL,INDEPENDANT,M,NORD-KIVU,268,0.02,4232.0,4676.0,91.0,2800740.0,1379575.0,948.0,1380523.0,49.29
15,8.0,1_1_1_140_260,BUSE,FALAY,GEORGES,INDEPENDANT,M,NORD-KIVU,235,0.02,4232.0,4676.0,91.0,2800740.0,1379575.0,948.0,1380523.0,49.29
15,13.0,1_1_1_147_267,MASALU,ANEDU,ANDRE,INDEPENDANT,M,NORD-KIVU,696,0.05,4232.0,4676.0,91.0,2800740.0,1379575.0,948.0,1380523.0,49.29
15,22.0,1_1_1_128_248,MATATA,PONYO,MAPON,LGD,M,NORD-KIVU,555,0.04,4232.0,4676.0,91.0,2800740.0,1379575.0,948.0,1380523.0,49.29
15,25.0,1_1_1_152_272,BILE,BATALI,JOELLE,INDEPENDANT,F,NORD-KIVU,225,0.02,4232.0,4676.0,91.0,2800740.0,1379575.0,948.0,1380523.0,49.29
15,20.0,1_1_1_143_263,TSHISEKEDI,TSHILOMBO,FELIX ANTOINE,INDEPENDANT,M,NORD-KIVU,1247819,90.45,4232.0,4676.0,91.0,2800740.0,1379575.0,948.0,1380523.0,49.29
15,1.0,1_1_1_131_251,RADJABHO,TEBABHO,SOBORABO,CUC,M,NORD-KIVU,2345,0.17,4232.0,4676.0,91.0,2800740.0,1379575.0,948.0,1380523.0,49.29
15,15.0,1_1_1_134_254,MUKWEGE,MUKENGERE,DENIS,INDEPENDANT,M,NORD-KIVU,1737,0.13,4232.0,4676.0,91.0,2800740.0,1379575.0,948.0,1380523.0,49.29
15,12.0,1_1_1_151_271,MAJONDO,MWAMBA,PATRICE,INDEPENDANT,M,NORD-KIVU,613,0.04,4232.0,4676.0,91.0,2800740.0,1379575.0,948.0,1380523.0,49.29
15,2.0,1_1_1_129_249,MUTAMBA,TUNGUNGA,CONSTANT,DYPRO,M,NORD-KIVU,652,0.05,4232.0,4676.0,91.0,2800740.0,1379575.0,948.0,1380523.0,49.29
15,9.0,1_1_1_139_259,IFOKU,MPUTA MPUNGA,MARIE-JOSEE,INDEPENDANT,F,NORD-KIVU,734,0.05,4232.0,4676.0,91.0,2800740.0,1379575.0,948.0,1380523.0,49.29
15,5.0,1_1_1_145_265,ANZULUNI,ISILOKETSHI,FLORIBERT,INDEPENDANT,M,NORD-KIVU,661,0.05,4232.0,4676.0,91.0,2800740.0,1379575.0,948.0,1380523.0,49.29
15,21.0,1_1_1_137_257,FAYULU,MADIDI,MARTIN,LAMUKAFAYULU,M,NORD-KIVU,14737,1.07,4232.0,4676.0,91.0,2800740.0,1379575.0,948.0,1380523.0,49.29
15,16.0,1_1_1_136_256,NGALASI,KURISINI,AGGREY,INDEPENDANT,M,NORD-KIVU,560,0.04,4232.0,4676.0,91.0,2800740.0,1379575.0,948.0,1380523.0,49.29
15,10.0,1_1_1_130_250,KAZADI,KANDA,REX,INDEPENDANT,M,NORD-KIVU,217,0.02,4232.0,4676.0,91.0,2800740.0,1379575.0,948.0,1380523.0,49.29
15,17.0,1_1_1_146_266,NGOY,ILUNGA WA NSENGA,THEODORE,INDEPENDANT,M,NORD-KIVU,96,0.01,4232.0,4676.0,91.0,2800740.0,1379575.0,948.0,1380523.0,49.29
15,11.0,1_1_1_150_270,KIKUNI,MASUDI,SETH,INDEPENDANT,M,NORD-KIVU,271,0.02,4232.0,4676.0,91.0,2800740.0,1379575.0,948.0,1380523.0,49.29
15,23.0,1_1_1_132_252,DIONGO,SHAMBA,FRANCK,MLP,M,NORD-KIVU,205,0.01,4232.0,4676.0,91.0,2800740.0,1379575.0,948.0,1380523.0,49.29
15,6.0,1_1_1_148_268,BAENDE,ETAFE ELIKO,JEAN CLAUDE,INDEPENDANT,M,NORD-KIVU,361,0.03,4232.0,4676.0,91.0,2800740.0,1379575.0,948.0,1380523.0,49.29
15,7.0,1_1_1_142_262,BOLAMBA,,TONY CASSIUS,INDEPENDANT,M,NORD-KIVU,260,0.02,4232.0,4676.0,91.0,2800740.0,1379575.0,948.0,1380523.0,49.29
15,26.0,1_1_1_153_273,NGILA,,HENOCK,INDEPENDANT,M,NORD-KIVU,254,0.02,4232.0,4676.0,91.0,2800740.0,1379575.0,948.0,1380523.0,49.29
15,14.0,1_1_1_138_258,MUDEKEREZA,BISIMWA,JUSTIN,INDEPENDANT,M,NORD-KIVU,380,0.03,4232.0,4676.0,91.0,2800740.0,1379575.0,948.0,1380523.0,49.29
15,4.0,1_1_1_149_269,SESANGA,HIPUNGU DJA KASENG KAPITU,DELLY,ENVOL,M,NORD-KIVU,720,0.05,4232.0,4676.0,91.0,2800740.0,1379575.0,948.0,1380523.0,49.29
15,18.0,1_1_1_144_264,NKEMA LILOO,BOKONZI,LOLI,INDEPENDANT,M,NORD-KIVU,247,0.02,4232.0,4676.0,91.0,2800740.0,1379575.0,948.0,1380523.0,49.29
16,2.0,1_1_1_129_249,MUTAMBA,TUNGUNGA,CONSTANT,DYPRO,M,SUD-KIVU,707,0.07,3606.0,4728.0,76.0,2766148.0,1038970.0,939.0,1039909.0,37.59
16,23.0,1_1_1_132_252,DIONGO,SHAMBA,FRANCK,MLP,M,SUD-KIVU,222,0.02,3606.0,4728.0,76.0,2766148.0,1038970.0,939.0,1039909.0,37.59
16,22.0,1_1_1_128_248,MATATA,PONYO,MAPON,LGD,M,SUD-KIVU,505,0.05,3606.0,4728.0,76.0,2766148.0,1038970.0,939.0,1039909.0,37.59
16,18.0,1_1_1_144_264,NKEMA LILOO,BOKONZI,LOLI,INDEPENDANT,M,SUD-KIVU,141,0.01,3606.0,4728.0,76.0,2766148.0,1038970.0,939.0,1039909.0,37.59
16,17.0,1_1_1_146_266,NGOY,ILUNGA WA NSENGA,THEODORE,INDEPENDANT,M,SUD-KIVU,113,0.01,3606.0,4728.0,76.0,2766148.0,1038970.0,939.0,1039909.0,37.59
16,10.0,1_1_1_130_250,KAZADI,KANDA,REX,INDEPENDANT,M,SUD-KIVU,137,0.01,3606.0,4728.0,76.0,2766148.0,1038970.0,939.0,1039909.0,37.59
16,1.0,1_1_1_131_251,RADJABHO,TEBABHO,SOBORABO,CUC,M,SUD-KIVU,1103,0.11,3606.0,4728.0,76.0,2766148.0,1038970.0,939.0,1039909.0,37.59
16,25.0,1_1_1_152_272,BILE,BATALI,JOELLE,INDEPENDANT,F,SUD-KIVU,132,0.01,3606.0,4728.0,76.0,2766148.0,1038970.0,939.0,1039909.0,37.59
16,26.0,1_1_1_153_273,NGILA,,HENOCK,INDEPENDANT,M,SUD-KIVU,138,0.01,3606.0,4728.0,76.0,2766148.0,1038970.0,939.0,1039909.0,37.59
16,5.0,1_1_1_145_265,ANZULUNI,ISILOKETSHI,FLORIBERT,INDEPENDANT,M,SUD-KIVU,2896,0.28,3606.0,4728.0,76.0,2766148.0,1038970.0,939.0,1039909.0,37.59
16,14.0,1_1_1_138_258,MUDEKEREZA,BISIMWA,JUSTIN,INDEPENDANT,M,SUD-KIVU,2397,0.23,3606.0,4728.0,76.0,2766148.0,1038970.0,939.0,1039909.0,37.59
16,3.0,1_1_1_135_255,KATUMBI,CHAPWE,MOISE,ENSEMBLE,M,SUD-KIVU,118432,11.4,3606.0,4728.0,76.0,2766148.0,1038970.0,939.0,1039909.0,37.59
16,11.0,1_1_1_150_270,KIKUNI,MASUDI,SETH,INDEPENDANT,M,SUD-KIVU,286,0.03,3606.0,4728.0,76.0,2766148.0,1038970.0,939.0,1039909.0,37.59
16,13.0,1_1_1_147_267,MASALU,ANEDU,ANDRE,INDEPENDANT,M,SUD-KIVU,412,0.04,3606.0,4728.0,76.0,2766148.0,1038970.0,939.0,1039909.0,37.59
16,20.0,1_1_1_143_263,TSHISEKEDI,TSHILOMBO,FELIX ANTOINE,INDEPENDANT,M,SUD-KIVU,881157,84.81,3606.0,4728.0,76.0,2766148.0,1038970.0,939.0,1039909.0,37.59
16,16.0,1_1_1_136_256,NGALASI,KURISINI,AGGREY,INDEPENDANT,M,SUD-KIVU,335,0.03,3606.0,4728.0,76.0,2766148.0,1038970.0,939.0,1039909.0,37.59
16,15.0,1_1_1_134_254,MUKWEGE,MUKENGERE,DENIS,INDEPENDANT,M,SUD-KIVU,25470,2.45,3606.0,4728.0,76.0,2766148.0,1038970.0,939.0,1039909.0,37.59
16,21.0,1_1_1_137_257,FAYULU,MADIDI,MARTIN,LAMUKAFAYULU,M,SUD-KIVU,2241,0.22,3606.0,4728.0,76.0,2766148.0,1038970.0,939.0,1039909.0,37.59
16,7.0,1_1_1_142_262,BOLAMBA,,TONY CASSIUS,INDEPENDANT,M,SUD-KIVU,169,0.02,3606.0,4728.0,76.0,2766148.0,1038970.0,939.0,1039909.0,37.59
16,4.0,1_1_1_149_269,SESANGA,HIPUNGU DJA KASENG KAPITU,DELLY,ENVOL,M,SUD-KIVU,330,0.03,3606.0,4728.0,76.0,2766148.0,1038970.0,939.0,1039909.0,37.59
16,12.0,1_1_1_151_271,MAJONDO,MWAMBA,PATRICE,INDEPENDANT,M,SUD-KIVU,323,0.03,3606.0,4728.0,76.0,2766148.0,1038970.0,939.0,1039909.0,37.59
16,9.0,1_1_1_139_259,IFOKU,MPUTA MPUNGA,MARIE-JOSEE,INDEPENDANT,F,SUD-KIVU,441,0.04,3606.0,4728.0,76.0,2766148.0,1038970.0,939.0,1039909.0,37.59
16,6.0,1_1_1_148_268,BAENDE,ETAFE ELIKO,JEAN CLAUDE,INDEPENDANT,M,SUD-KIVU,298,0.03,3606.0,4728.0,76.0,2766148.0,1038970.0,939.0,1039909.0,37.59
16,19.0,1_1_1_141_261,TSHIANI K,MUADIAMVITA,NOEL,INDEPENDANT,M,SUD-KIVU,204,0.02,3606.0,4728.0,76.0,2766148.0,1038970.0,939.0,1039909.0,37.59
16,24.0,1_1_1_133_253,MUZITO,FUMUTSHI,ADOLPHE,NOU.EL,M,SUD-KIVU,267,0.03,3606.0,4728.0,76.0,2766148.0,1038970.0,939.0,1039909.0,37.59
16,8.0,1_1_1_140_260,BUSE,FALAY,GEORGES,INDEPENDANT,M,SUD-KIVU,114,0.01,3606.0,4728.0,76.0,2766148.0,1038970.0,939.0,1039909.0,37.59
17,26.0,1_1_1_153_273,NGILA,,HENOCK,INDEPENDANT,M,MANIEMA,175,0.04,1643.0,2019.0,81.0,1059213.0,408784.0,547.0,409331.0,38.64
17,18.0,1_1_1_144_264,NKEMA LILOO,BOKONZI,LOLI,INDEPENDANT,M,MANIEMA,275,0.07,1643.0,2019.0,81.0,1059213.0,408784.0,547.0,409331.0,38.64
17,9.0,1_1_1_139_259,IFOKU,MPUTA MPUNGA,MARIE-JOSEE,INDEPENDANT,F,MANIEMA,578,0.14,1643.0,2019.0,81.0,1059213.0,408784.0,547.0,409331.0,38.64
17,23.0,1_1_1_132_252,DIONGO,SHAMBA,FRANCK,MLP,M,MANIEMA,207,0.05,1643.0,2019.0,81.0,1059213.0,408784.0,547.0,409331.0,38.64
17,19.0,1_1_1_141_261,TSHIANI K,MUADIAMVITA,NOEL,INDEPENDANT,M,MANIEMA,346,0.08,1643.0,2019.0,81.0,1059213.0,408784.0,547.0,409331.0,38.64
17,15.0,1_1_1_134_254,MUKWEGE,MUKENGERE,DENIS,INDEPENDANT,M,MANIEMA,395,0.1,1643.0,2019.0,81.0,1059213.0,408784.0,547.0,409331.0,38.64
17,17.0,1_1_1_146_266,NGOY,ILUNGA WA NSENGA,THEODORE,INDEPENDANT,M,MANIEMA,104,0.03,1643.0,2019.0,81.0,1059213.0,408784.0,547.0,409331.0,38.64
17,16.0,1_1_1_136_256,NGALASI,KURISINI,AGGREY,INDEPENDANT,M,MANIEMA,295,0.07,1643.0,2019.0,81.0,1059213.0,408784.0,547.0,409331.0,38.64
17,13.0,1_1_1_147_267,MASALU,ANEDU,ANDRE,INDEPENDANT,M,MANIEMA,653,0.16,1643.0,2019.0,81.0,1059213.0,408784.0,547.0,409331.0,38.64
17,20.0,1_1_1_143_263,TSHISEKEDI,TSHILOMBO,FELIX ANTOINE,INDEPENDANT,M,MANIEMA,156925,38.39,1643.0,2019.0,81.0,1059213.0,408784.0,547.0,409331.0,38.64
17,10.0,1_1_1_130_250,KAZADI,KANDA,REX,INDEPENDANT,M,MANIEMA,343,0.08,1643.0,2019.0,81.0,1059213.0,408784.0,547.0,409331.0,38.64
17,8.0,1_1_1_140_260,BUSE,FALAY,GEORGES,INDEPENDANT,M,MANIEMA,201,0.05,1643.0,2019.0,81.0,1059213.0,408784.0,547.0,409331.0,38.64
17,11.0,1_1_1_150_270,KIKUNI,MASUDI,SETH,INDEPENDANT,M,MANIEMA,479,0.12,1643.0,2019.0,81.0,1059213.0,408784.0,547.0,409331.0,38.64
17,25.0,1_1_1_152_272,BILE,BATALI,JOELLE,INDEPENDANT,F,MANIEMA,294,0.07,1643.0,2019.0,81.0,1059213.0,408784.0,547.0,409331.0,38.64
17,3.0,1_1_1_135_255,KATUMBI,CHAPWE,MOISE,ENSEMBLE,M,MANIEMA,239684,58.63,1643.0,2019.0,81.0,1059213.0,408784.0,547.0,409331.0,38.64
17,12.0,1_1_1_151_271,MAJONDO,MWAMBA,PATRICE,INDEPENDANT,M,MANIEMA,932,0.23,1643.0,2019.0,81.0,1059213.0,408784.0,547.0,409331.0,38.64
17,21.0,1_1_1_137_257,FAYULU,MADIDI,MARTIN,LAMUKAFAYULU,M,MANIEMA,1034,0.25,1643.0,2019.0,81.0,1059213.0,408784.0,547.0,409331.0,38.64
17,1.0,1_1_1_131_251,RADJABHO,TEBABHO,SOBORABO,CUC,M,MANIEMA,1283,0.31,1643.0,2019.0,81.0,1059213.0,408784.0,547.0,409331.0,38.64
17,14.0,1_1_1_138_258,MUDEKEREZA,BISIMWA,JUSTIN,INDEPENDANT,M,MANIEMA,144,0.04,1643.0,2019.0,81.0,1059213.0,408784.0,547.0,409331.0,38.64
17,2.0,1_1_1_129_249,MUTAMBA,TUNGUNGA,CONSTANT,DYPRO,M,MANIEMA,1264,0.31,1643.0,2019.0,81.0,1059213.0,408784.0,547.0,409331.0,38.64
17,6.0,1_1_1_148_268,BAENDE,ETAFE ELIKO,JEAN CLAUDE,INDEPENDANT,M,MANIEMA,292,0.07,1643.0,2019.0,81.0,1059213.0,408784.0,547.0,409331.0,38.64
17,4.0,1_1_1_149_269,SESANGA,HIPUNGU DJA KASENG KAPITU,DELLY,ENVOL,M,MANIEMA,527,0.13,1643.0,2019.0,81.0,1059213.0,408784.0,547.0,409331.0,38.64
17,5.0,1_1_1_145_265,ANZULUNI,ISILOKETSHI,FLORIBERT,INDEPENDANT,M,MANIEMA,418,0.1,1643.0,2019.0,81.0,1059213.0,408784.0,547.0,409331.0,38.64
17,24.0,1_1_1_133_253,MUZITO,FUMUTSHI,ADOLPHE,NOU.EL,M,MANIEMA,374,0.09,1643.0,2019.0,81.0,1059213.0,408784.0,547.0,409331.0,38.64
17,22.0,1_1_1_128_248,MATATA,PONYO,MAPON,LGD,M,MANIEMA,1332,0.33,1643.0,2019.0,81.0,1059213.0,408784.0,547.0,409331.0,38.64
17,7.0,1_1_1_142_262,BOLAMBA,,TONY CASSIUS,INDEPENDANT,M,MANIEMA,230,0.06,1643.0,2019.0,81.0,1059213.0,408784.0,547.0,409331.0,38.64
18,7.0,1_1_1_142_262,BOLAMBA,,TONY CASSIUS,INDEPENDANT,M,HAUT-KATANGA,329,0.03,3914.0,4445.0,88.0,2764061.0,1069102.0,3437.0,1072539.0,38.8
18,18.0,1_1_1_144_264,NKEMA LILOO,BOKONZI,LOLI,INDEPENDANT,M,HAUT-KATANGA,436,0.04,3914.0,4445.0,88.0,2764061.0,1069102.0,3437.0,1072539.0,38.8
18,26.0,1_1_1_153_273,NGILA,,HENOCK,INDEPENDANT,M,HAUT-KATANGA,264,0.02,3914.0,4445.0,88.0,2764061.0,1069102.0,3437.0,1072539.0,38.8
18,2.0,1_1_1_129_249,MUTAMBA,TUNGUNGA,CONSTANT,DYPRO,M,HAUT-KATANGA,2437,0.23,3914.0,4445.0,88.0,2764061.0,1069102.0,3437.0,1072539.0,38.8
18,3.0,1_1_1_135_255,KATUMBI,CHAPWE,MOISE,ENSEMBLE,M,HAUT-KATANGA,712318,66.63,3914.0,4445.0,88.0,2764061.0,1069102.0,3437.0,1072539.0,38.8
18,15.0,1_1_1_134_254,MUKWEGE,MUKENGERE,DENIS,INDEPENDANT,M,HAUT-KATANGA,989,0.09,3914.0,4445.0,88.0,2764061.0,1069102.0,3437.0,1072539.0,38.8
18,16.0,1_1_1_136_256,NGALASI,KURISINI,AGGREY,INDEPENDANT,M,HAUT-KATANGA,550,0.05,3914.0,4445.0,88.0,2764061.0,1069102.0,3437.0,1072539.0,38.8
18,9.0,1_1_1_139_259,IFOKU,MPUTA MPUNGA,MARIE-JOSEE,INDEPENDANT,F,HAUT-KATANGA,933,0.09,3914.0,4445.0,88.0,2764061.0,1069102.0,3437.0,1072539.0,38.8
18,5.0,1_1_1_145_265,ANZULUNI,ISILOKETSHI,FLORIBERT,INDEPENDANT,M,HAUT-KATANGA,554,0.05,3914.0,4445.0,88.0,2764061.0,1069102.0,3437.0,1072539.0,38.8
18,11.0,1_1_1_150_270,KIKUNI,MASUDI,SETH,INDEPENDANT,M,HAUT-KATANGA,889,0.08,3914.0,4445.0,88.0,2764061.0,1069102.0,3437.0,1072539.0,38.8
18,19.0,1_1_1_141_261,TSHIANI K,MUADIAMVITA,NOEL,INDEPENDANT,M,HAUT-KATANGA,834,0.08,3914.0,4445.0,88.0,2764061.0,1069102.0,3437.0,1072539.0,38.8
18,10.0,1_1_1_130_250,KAZADI,KANDA,REX,INDEPENDANT,M,HAUT-KATANGA,311,0.03,3914.0,4445.0,88.0,2764061.0,1069102.0,3437.0,1072539.0,38.8
18,14.0,1_1_1_138_258,MUDEKEREZA,BISIMWA,JUSTIN,INDEPENDANT,M,HAUT-KATANGA,254,0.02,3914.0,4445.0,88.0,2764061.0,1069102.0,3437.0,1072539.0,38.8
18,21.0,1_1_1_137_257,FAYULU,MADIDI,MARTIN,LAMUKAFAYULU,M,HAUT-KATANGA,2896,0.27,3914.0,4445.0,88.0,2764061.0,1069102.0,3437.0,1072539.0,38.8
18,24.0,1_1_1_133_253,MUZITO,FUMUTSHI,ADOLPHE,NOU.EL,M,HAUT-KATANGA,484,0.05,3914.0,4445.0,88.0,2764061.0,1069102.0,3437.0,1072539.0,38.8
18,17.0,1_1_1_146_266,NGOY,ILUNGA WA NSENGA,THEODORE,INDEPENDANT,M,HAUT-KATANGA,345,0.03,3914.0,4445.0,88.0,2764061.0,1069102.0,3437.0,1072539.0,38.8
18,13.0,1_1_1_147_267,MASALU,ANEDU,ANDRE,INDEPENDANT,M,HAUT-KATANGA,718,0.07,3914.0,4445.0,88.0,2764061.0,1069102.0,3437.0,1072539.0,38.8
18,12.0,1_1_1_151_271,MAJONDO,MWAMBA,PATRICE,INDEPENDANT,M,HAUT-KATANGA,1124,0.11,3914.0,4445.0,88.0,2764061.0,1069102.0,3437.0,1072539.0,38.8
18,1.0,1_1_1_131_251,RADJABHO,TEBABHO,SOBORABO,CUC,M,HAUT-KATANGA,1204,0.11,3914.0,4445.0,88.0,2764061.0,1069102.0,3437.0,1072539.0,38.8
18,4.0,1_1_1_149_269,SESANGA,HIPUNGU DJA KASENG KAPITU,DELLY,ENVOL,M,HAUT-KATANGA,1094,0.1,3914.0,4445.0,88.0,2764061.0,1069102.0,3437.0,1072539.0,38.8
18,25.0,1_1_1_152_272,BILE,BATALI,JOELLE,INDEPENDANT,F,HAUT-KATANGA,397,0.04,3914.0,4445.0,88.0,2764061.0,1069102.0,3437.0,1072539.0,38.8
18,22.0,1_1_1_128_248,MATATA,PONYO,MAPON,LGD,M,HAUT-KATANGA,1008,0.09,3914.0,4445.0,88.0,2764061.0,1069102.0,3437.0,1072539.0,38.8
18,8.0,1_1_1_140_260,BUSE,FALAY,GEORGES,INDEPENDANT,M,HAUT-KATANGA,211,0.02,3914.0,4445.0,88.0,2764061.0,1069102.0,3437.0,1072539.0,38.8
18,6.0,1_1_1_148_268,BAENDE,ETAFE ELIKO,JEAN CLAUDE,INDEPENDANT,M,HAUT-KATANGA,317,0.03,3914.0,4445.0,88.0,2764061.0,1069102.0,3437.0,1072539.0,38.8
18,20.0,1_1_1_143_263,TSHISEKEDI,TSHILOMBO,FELIX ANTOINE,INDEPENDANT,M,HAUT-KATANGA,337783,31.6,3914.0,4445.0,88.0,2764061.0,1069102.0,3437.0,1072539.0,38.8
18,23.0,1_1_1_132_252,DIONGO,SHAMBA,FRANCK,MLP,M,HAUT-KATANGA,423,0.04,3914.0,4445.0,88.0,2764061.0,1069102.0,3437.0,1072539.0,38.8
19,4.0,1_1_1_149_269,SESANGA,HIPUNGU DJA KASENG KAPITU,DELLY,ENVOL,M,HAUT-LOMAMI,630,0.1,1896.0,2372.0,80.0,1298449.0,639697.0,762.0,640459.0,49.32
19,13.0,1_1_1_147_267,MASALU,ANEDU,ANDRE,INDEPENDANT,M,HAUT-LOMAMI,387,0.06,1896.0,2372.0,80.0,1298449.0,639697.0,762.0,640459.0,49.32
19,5.0,1_1_1_145_265,ANZULUNI,ISILOKETSHI,FLORIBERT,INDEPENDANT,M,HAUT-LOMAMI,273,0.04,1896.0,2372.0,80.0,1298449.0,639697.0,762.0,640459.0,49.32
19,26.0,1_1_1_153_273,NGILA,,HENOCK,INDEPENDANT,M,HAUT-LOMAMI,161,0.03,1896.0,2372.0,80.0,1298449.0,639697.0,762.0,640459.0,49.32
19,21.0,1_1_1_137_257,FAYULU,MADIDI,MARTIN,LAMUKAFAYULU,M,HAUT-LOMAMI,1111,0.17,1896.0,2372.0,80.0,1298449.0,639697.0,762.0,640459.0,49.32
19,20.0,1_1_1_143_263,TSHISEKEDI,TSHILOMBO,FELIX ANTOINE,INDEPENDANT,M,HAUT-LOMAMI,65873,10.3,1896.0,2372.0,80.0,1298449.0,639697.0,762.0,640459.0,49.32
19,7.0,1_1_1_142_262,BOLAMBA,,TONY CASSIUS,INDEPENDANT,M,HAUT-LOMAMI,153,0.02,1896.0,2372.0,80.0,1298449.0,639697.0,762.0,640459.0,49.32
19,16.0,1_1_1_136_256,NGALASI,KURISINI,AGGREY,INDEPENDANT,M,HAUT-LOMAMI,90,0.01,1896.0,2372.0,80.0,1298449.0,639697.0,762.0,640459.0,49.32
19,22.0,1_1_1_128_248,MATATA,PONYO,MAPON,LGD,M,HAUT-LOMAMI,1295,0.2,1896.0,2372.0,80.0,1298449.0,639697.0,762.0,640459.0,49.32
19,14.0,1_1_1_138_258,MUDEKEREZA,BISIMWA,JUSTIN,INDEPENDANT,M,HAUT-LOMAMI,138,0.02,1896.0,2372.0,80.0,1298449.0,639697.0,762.0,640459.0,49.32
19,10.0,1_1_1_130_250,KAZADI,KANDA,REX,INDEPENDANT,M,HAUT-LOMAMI,218,0.03,1896.0,2372.0,80.0,1298449.0,639697.0,762.0,640459.0,49.32
19,17.0,1_1_1_146_266,NGOY,ILUNGA WA NSENGA,THEODORE,INDEPENDANT,M,HAUT-LOMAMI,557,0.09,1896.0,2372.0,80.0,1298449.0,639697.0,762.0,640459.0,49.32
19,8.0,1_1_1_140_260,BUSE,FALAY,GEORGES,INDEPENDANT,M,HAUT-LOMAMI,130,0.02,1896.0,2372.0,80.0,1298449.0,639697.0,762.0,640459.0,49.32
19,6.0,1_1_1_148_268,BAENDE,ETAFE ELIKO,JEAN CLAUDE,INDEPENDANT,M,HAUT-LOMAMI,177,0.03,1896.0,2372.0,80.0,1298449.0,639697.0,762.0,640459.0,49.32
19,23.0,1_1_1_132_252,DIONGO,SHAMBA,FRANCK,MLP,M,HAUT-LOMAMI,183,0.03,1896.0,2372.0,80.0,1298449.0,639697.0,762.0,640459.0,49.32
19,25.0,1_1_1_152_272,BILE,BATALI,JOELLE,INDEPENDANT,F,HAUT-LOMAMI,409,0.06,1896.0,2372.0,80.0,1298449.0,639697.0,762.0,640459.0,49.32
19,12.0,1_1_1_151_271,MAJONDO,MWAMBA,PATRICE,INDEPENDANT,M,HAUT-LOMAMI,668,0.1,1896.0,2372.0,80.0,1298449.0,639697.0,762.0,640459.0,49.32
19,24.0,1_1_1_133_253,MUZITO,FUMUTSHI,ADOLPHE,NOU.EL,M,HAUT-LOMAMI,152,0.02,1896.0,2372.0,80.0,1298449.0,639697.0,762.0,640459.0,49.32
19,19.0,1_1_1_141_261,TSHIANI K,MUADIAMVITA,NOEL,INDEPENDANT,M,HAUT-LOMAMI,500,0.08,1896.0,2372.0,80.0,1298449.0,639697.0,762.0,640459.0,49.32
19,18.0,1_1_1_144_264,NKEMA LILOO,BOKONZI,LOLI,INDEPENDANT,M,HAUT-LOMAMI,244,0.04,1896.0,2372.0,80.0,1298449.0,639697.0,762.0,640459.0,49.32
19,9.0,1_1_1_139_259,IFOKU,MPUTA MPUNGA,MARIE-JOSEE,INDEPENDANT,F,HAUT-LOMAMI,695,0.11,1896.0,2372.0,80.0,1298449.0,639697.0,762.0,640459.0,49.32
19,15.0,1_1_1_134_254,MUKWEGE,MUKENGERE,DENIS,INDEPENDANT,M,HAUT-LOMAMI,246,0.04,1896.0,2372.0,80.0,1298449.0,639697.0,762.0,640459.0,49.32
19,1.0,1_1_1_131_251,RADJABHO,TEBABHO,SOBORABO,CUC,M,HAUT-LOMAMI,633,0.1,1896.0,2372.0,80.0,1298449.0,639697.0,762.0,640459.0,49.32
19,2.0,1_1_1_129_249,MUTAMBA,TUNGUNGA,CONSTANT,DYPRO,M,HAUT-LOMAMI,340,0.05,1896.0,2372.0,80.0,1298449.0,639697.0,762.0,640459.0,49.32
19,3.0,1_1_1_135_255,KATUMBI,CHAPWE,MOISE,ENSEMBLE,M,HAUT-LOMAMI,563850,88.14,1896.0,2372.0,80.0,1298449.0,639697.0,762.0,640459.0,49.32
19,11.0,1_1_1_150_270,KIKUNI,MASUDI,SETH,INDEPENDANT,M,HAUT-LOMAMI,584,0.09,1896.0,2372.0,80.0,1298449.0,639697.0,762.0,640459.0,49.32
20,8.0,1_1_1_140_260,BUSE,FALAY,GEORGES,INDEPENDANT,M,LUALABA,125,0.03,1889.0,2143.0,88.0,1229673.0,465537.0,433.0,465970.0,37.89
20,16.0,1_1_1_136_256,NGALASI,KURISINI,AGGREY,INDEPENDANT,M,LUALABA,120,0.03,1889.0,2143.0,88.0,1229673.0,465537.0,433.0,465970.0,37.89
20,12.0,1_1_1_151_271,MAJONDO,MWAMBA,PATRICE,INDEPENDANT,M,LUALABA,490,0.11,1889.0,2143.0,88.0,1229673.0,465537.0,433.0,465970.0,37.89
20,5.0,1_1_1_145_265,ANZULUNI,ISILOKETSHI,FLORIBERT,INDEPENDANT,M,LUALABA,218,0.05,1889.0,2143.0,88.0,1229673.0,465537.0,433.0,465970.0,37.89
20,13.0,1_1_1_147_267,MASALU,ANEDU,ANDRE,INDEPENDANT,M,LUALABA,229,0.05,1889.0,2143.0,88.0,1229673.0,465537.0,433.0,465970.0,37.89
20,17.0,1_1_1_146_266,NGOY,ILUNGA WA NSENGA,THEODORE,INDEPENDANT,M,LUALABA,144,0.03,1889.0,2143.0,88.0,1229673.0,465537.0,433.0,465970.0,37.89
20,25.0,1_1_1_152_272,BILE,BATALI,JOELLE,INDEPENDANT,F,LUALABA,142,0.03,1889.0,2143.0,88.0,1229673.0,465537.0,433.0,465970.0,37.89
20,7.0,1_1_1_142_262,BOLAMBA,,TONY CASSIUS,INDEPENDANT,M,LUALABA,147,0.03,1889.0,2143.0,88.0,1229673.0,465537.0,433.0,465970.0,37.89
20,14.0,1_1_1_138_258,MUDEKEREZA,BISIMWA,JUSTIN,INDEPENDANT,M,LUALABA,92,0.02,1889.0,2143.0,88.0,1229673.0,465537.0,433.0,465970.0,37.89
20,21.0,1_1_1_137_257,FAYULU,MADIDI,MARTIN,LAMUKAFAYULU,M,LUALABA,829,0.18,1889.0,2143.0,88.0,1229673.0,465537.0,433.0,465970.0,37.89
20,23.0,1_1_1_132_252,DIONGO,SHAMBA,FRANCK,MLP,M,LUALABA,148,0.03,1889.0,2143.0,88.0,1229673.0,465537.0,433.0,465970.0,37.89
20,2.0,1_1_1_129_249,MUTAMBA,TUNGUNGA,CONSTANT,DYPRO,M,LUALABA,420,0.09,1889.0,2143.0,88.0,1229673.0,465537.0,433.0,465970.0,37.89
20,4.0,1_1_1_149_269,SESANGA,HIPUNGU DJA KASENG KAPITU,DELLY,ENVOL,M,LUALABA,407,0.09,1889.0,2143.0,88.0,1229673.0,465537.0,433.0,465970.0,37.89
20,18.0,1_1_1_144_264,NKEMA LILOO,BOKONZI,LOLI,INDEPENDANT,M,LUALABA,186,0.04,1889.0,2143.0,88.0,1229673.0,465537.0,433.0,465970.0,37.89
20,9.0,1_1_1_139_259,IFOKU,MPUTA MPUNGA,MARIE-JOSEE,INDEPENDANT,F,LUALABA,330,0.07,1889.0,2143.0,88.0,1229673.0,465537.0,433.0,465970.0,37.89
20,24.0,1_1_1_133_253,MUZITO,FUMUTSHI,ADOLPHE,NOU.EL,M,LUALABA,144,0.03,1889.0,2143.0,88.0,1229673.0,465537.0,433.0,465970.0,37.89
20,11.0,1_1_1_150_270,KIKUNI,MASUDI,SETH,INDEPENDANT,M,LUALABA,622,0.13,1889.0,2143.0,88.0,1229673.0,465537.0,433.0,465970.0,37.89
20,26.0,1_1_1_153_273,NGILA,,HENOCK,INDEPENDANT,M,LUALABA,73,0.02,1889.0,2143.0,88.0,1229673.0,465537.0,433.0,465970.0,37.89
20,15.0,1_1_1_134_254,MUKWEGE,MUKENGERE,DENIS,INDEPENDANT,M,LUALABA,315,0.07,1889.0,2143.0,88.0,1229673.0,465537.0,433.0,465970.0,37.89
20,22.0,1_1_1_128_248,MATATA,PONYO,MAPON,LGD,M,LUALABA,553,0.12,1889.0,2143.0,88.0,1229673.0,465537.0,433.0,465970.0,37.89
20,1.0,1_1_1_131_251,RADJABHO,TEBABHO,SOBORABO,CUC,M,LUALABA,379,0.08,1889.0,2143.0,88.0,1229673.0,465537.0,433.0,465970.0,37.89
20,19.0,1_1_1_141_261,TSHIANI K,MUADIAMVITA,NOEL,INDEPENDANT,M,LUALABA,331,0.07,1889.0,2143.0,88.0,1229673.0,465537.0,433.0,465970.0,37.89
20,10.0,1_1_1_130_250,KAZADI,KANDA,REX,INDEPENDANT,M,LUALABA,111,0.02,1889.0,2143.0,88.0,1229673.0,465537.0,433.0,465970.0,37.89
20,20.0,1_1_1_143_263,TSHISEKEDI,TSHILOMBO,FELIX ANTOINE,INDEPENDANT,M,LUALABA,55724,11.97,1889.0,2143.0,88.0,1229673.0,465537.0,433.0,465970.0,37.89
20,3.0,1_1_1_135_255,KATUMBI,CHAPWE,MOISE,ENSEMBLE,M,LUALABA,403146,86.6,1889.0,2143.0,88.0,1229673.0,465537.0,433.0,465970.0,37.89
20,6.0,1_1_1_148_268,BAENDE,ETAFE ELIKO,JEAN CLAUDE,INDEPENDANT,M,LUALABA,112,0.02,1889.0,2143.0,88.0,1229673.0,465537.0,433.0,465970.0,37.89
21,16.0,1_1_1_136_256,NGALASI,KURISINI,AGGREY,INDEPENDANT,M,TANGANYIKA,102,0.03,1850.0,2237.0,83.0,1259722.0,391434.0,757.0,392191.0,31.13
21,12.0,1_1_1_151_271,MAJONDO,MWAMBA,PATRICE,INDEPENDANT,M,TANGANYIKA,775,0.2,1850.0,2237.0,83.0,1259722.0,391434.0,757.0,392191.0,31.13
21,5.0,1_1_1_145_265,ANZULUNI,ISILOKETSHI,FLORIBERT,INDEPENDANT,M,TANGANYIKA,412,0.11,1850.0,2237.0,83.0,1259722.0,391434.0,757.0,392191.0,31.13
21,20.0,1_1_1_143_263,TSHISEKEDI,TSHILOMBO,FELIX ANTOINE,INDEPENDANT,M,TANGANYIKA,67927,17.35,1850.0,2237.0,83.0,1259722.0,391434.0,757.0,392191.0,31.13
21,7.0,1_1_1_142_262,BOLAMBA,,TONY CASSIUS,INDEPENDANT,M,TANGANYIKA,214,0.05,1850.0,2237.0,83.0,1259722.0,391434.0,757.0,392191.0,31.13
21,24.0,1_1_1_133_253,MUZITO,FUMUTSHI,ADOLPHE,NOU.EL,M,TANGANYIKA,187,0.05,1850.0,2237.0,83.0,1259722.0,391434.0,757.0,392191.0,31.13
21,9.0,1_1_1_139_259,IFOKU,MPUTA MPUNGA,MARIE-JOSEE,INDEPENDANT,F,TANGANYIKA,515,0.13,1850.0,2237.0,83.0,1259722.0,391434.0,757.0,392191.0,31.13
21,13.0,1_1_1_147_267,MASALU,ANEDU,ANDRE,INDEPENDANT,M,TANGANYIKA,559,0.14,1850.0,2237.0,83.0,1259722.0,391434.0,757.0,392191.0,31.13
21,1.0,1_1_1_131_251,RADJABHO,TEBABHO,SOBORABO,CUC,M,TANGANYIKA,705,0.18,1850.0,2237.0,83.0,1259722.0,391434.0,757.0,392191.0,31.13
21,21.0,1_1_1_137_257,FAYULU,MADIDI,MARTIN,LAMUKAFAYULU,M,TANGANYIKA,1218,0.31,1850.0,2237.0,83.0,1259722.0,391434.0,757.0,392191.0,31.13
21,14.0,1_1_1_138_258,MUDEKEREZA,BISIMWA,JUSTIN,INDEPENDANT,M,TANGANYIKA,262,0.07,1850.0,2237.0,83.0,1259722.0,391434.0,757.0,392191.0,31.13
21,4.0,1_1_1_149_269,SESANGA,HIPUNGU DJA KASENG KAPITU,DELLY,ENVOL,M,TANGANYIKA,792,0.2,1850.0,2237.0,83.0,1259722.0,391434.0,757.0,392191.0,31.13
21,2.0,1_1_1_129_249,MUTAMBA,TUNGUNGA,CONSTANT,DYPRO,M,TANGANYIKA,1972,0.5,1850.0,2237.0,83.0,1259722.0,391434.0,757.0,392191.0,31.13
21,18.0,1_1_1_144_264,NKEMA LILOO,BOKONZI,LOLI,INDEPENDANT,M,TANGANYIKA,325,0.08,1850.0,2237.0,83.0,1259722.0,391434.0,757.0,392191.0,31.13
21,25.0,1_1_1_152_272,BILE,BATALI,JOELLE,INDEPENDANT,F,TANGANYIKA,247,0.06,1850.0,2237.0,83.0,1259722.0,391434.0,757.0,392191.0,31.13
21,23.0,1_1_1_132_252,DIONGO,SHAMBA,FRANCK,MLP,M,TANGANYIKA,285,0.07,1850.0,2237.0,83.0,1259722.0,391434.0,757.0,392191.0,31.13
21,11.0,1_1_1_150_270,KIKUNI,MASUDI,SETH,INDEPENDANT,M,TANGANYIKA,523,0.13,1850.0,2237.0,83.0,1259722.0,391434.0,757.0,392191.0,31.13
21,17.0,1_1_1_146_266,NGOY,ILUNGA WA NSENGA,THEODORE,INDEPENDANT,M,TANGANYIKA,224,0.06,1850.0,2237.0,83.0,1259722.0,391434.0,757.0,392191.0,31.13
21,8.0,1_1_1_140_260,BUSE,FALAY,GEORGES,INDEPENDANT,M,TANGANYIKA,125,0.03,1850.0,2237.0,83.0,1259722.0,391434.0,757.0,392191.0,31.13
21,19.0,1_1_1_141_261,TSHIANI K,MUADIAMVITA,NOEL,INDEPENDANT,M,TANGANYIKA,398,0.1,1850.0,2237.0,83.0,1259722.0,391434.0,757.0,392191.0,31.13
21,10.0,1_1_1_130_250,KAZADI,KANDA,REX,INDEPENDANT,M,TANGANYIKA,159,0.04,1850.0,2237.0,83.0,1259722.0,391434.0,757.0,392191.0,31.13
21,22.0,1_1_1_128_248,MATATA,PONYO,MAPON,LGD,M,TANGANYIKA,792,0.2,1850.0,2237.0,83.0,1259722.0,391434.0,757.0,392191.0,31.13
21,15.0,1_1_1_134_254,MUKWEGE,MUKENGERE,DENIS,INDEPENDANT,M,TANGANYIKA,696,0.18,1850.0,2237.0,83.0,1259722.0,391434.0,757.0,392191.0,31.13
21,6.0,1_1_1_148_268,BAENDE,ETAFE ELIKO,JEAN CLAUDE,INDEPENDANT,M,TANGANYIKA,351,0.09,1850.0,2237.0,83.0,1259722.0,391434.0,757.0,392191.0,31.13
21,26.0,1_1_1_153_273,NGILA,,HENOCK,INDEPENDANT,M,TANGANYIKA,162,0.04,1850.0,2237.0,83.0,1259722.0,391434.0,757.0,392191.0,31.13
21,3.0,1_1_1_135_255,KATUMBI,CHAPWE,MOISE,ENSEMBLE,M,TANGANYIKA,311507,79.58,1850.0,2237.0,83.0,1259722.0,391434.0,757.0,392191.0,31.13
22,25.0,1_1_1_152_272,BILE,BATALI,JOELLE,INDEPENDANT,F,LOMAMI,97,0.02,2181.0,2549.0,86.0,1279171.0,595330.0,206.0,595536.0,46.56
22,15.0,1_1_1_134_254,MUKWEGE,MUKENGERE,DENIS,INDEPENDANT,M,LOMAMI,79,0.01,2181.0,2549.0,86.0,1279171.0,595330.0,206.0,595536.0,46.56
22,22.0,1_1_1_128_248,MATATA,PONYO,MAPON,LGD,M,LOMAMI,135,0.02,2181.0,2549.0,86.0,1279171.0,595330.0,206.0,595536.0,46.56
22,11.0,1_1_1_150_270,KIKUNI,MASUDI,SETH,INDEPENDANT,M,LOMAMI,79,0.01,2181.0,2549.0,86.0,1279171.0,595330.0,206.0,595536.0,46.56
22,19.0,1_1_1_141_261,TSHIANI K,MUADIAMVITA,NOEL,INDEPENDANT,M,LOMAMI,146,0.02,2181.0,2549.0,86.0,1279171.0,595330.0,206.0,595536.0,46.56
22,3.0,1_1_1_135_255,KATUMBI,CHAPWE,MOISE,ENSEMBLE,M,LOMAMI,5392,0.91,2181.0,2549.0,86.0,1279171.0,595330.0,206.0,595536.0,46.56
22,1.0,1_1_1_131_251,RADJABHO,TEBABHO,SOBORABO,CUC,M,LOMAMI,1311,0.22,2181.0,2549.0,86.0,1279171.0,595330.0,206.0,595536.0,46.56
22,5.0,1_1_1_145_265,ANZULUNI,ISILOKETSHI,FLORIBERT,INDEPENDANT,M,LOMAMI,157,0.03,2181.0,2549.0,86.0,1279171.0,595330.0,206.0,595536.0,46.56
22,9.0,1_1_1_139_259,IFOKU,MPUTA MPUNGA,MARIE-JOSEE,INDEPENDANT,F,LOMAMI,179,0.03,2181.0,2549.0,86.0,1279171.0,595330.0,206.0,595536.0,46.56
22,16.0,1_1_1_136_256,NGALASI,KURISINI,AGGREY,INDEPENDANT,M,LOMAMI,85,0.01,2181.0,2549.0,86.0,1279171.0,595330.0,206.0,595536.0,46.56
22,7.0,1_1_1_142_262,BOLAMBA,,TONY CASSIUS,INDEPENDANT,M,LOMAMI,135,0.02,2181.0,2549.0,86.0,1279171.0,595330.0,206.0,595536.0,46.56
22,14.0,1_1_1_138_258,MUDEKEREZA,BISIMWA,JUSTIN,INDEPENDANT,M,LOMAMI,85,0.01,2181.0,2549.0,86.0,1279171.0,595330.0,206.0,595536.0,46.56
22,13.0,1_1_1_147_267,MASALU,ANEDU,ANDRE,INDEPENDANT,M,LOMAMI,203,0.03,2181.0,2549.0,86.0,1279171.0,595330.0,206.0,595536.0,46.56
22,21.0,1_1_1_137_257,FAYULU,MADIDI,MARTIN,LAMUKAFAYULU,M,LOMAMI,934,0.16,2181.0,2549.0,86.0,1279171.0,595330.0,206.0,595536.0,46.56
22,4.0,1_1_1_149_269,SESANGA,HIPUNGU DJA KASENG KAPITU,DELLY,ENVOL,M,LOMAMI,248,0.04,2181.0,2549.0,86.0,1279171.0,595330.0,206.0,595536.0,46.56
22,2.0,1_1_1_129_249,MUTAMBA,TUNGUNGA,CONSTANT,DYPRO,M,LOMAMI,13227,2.22,2181.0,2549.0,86.0,1279171.0,595330.0,206.0,595536.0,46.56
22,10.0,1_1_1_130_250,KAZADI,KANDA,REX,INDEPENDANT,M,LOMAMI,125,0.02,2181.0,2549.0,86.0,1279171.0,595330.0,206.0,595536.0,46.56
22,6.0,1_1_1_148_268,BAENDE,ETAFE ELIKO,JEAN CLAUDE,INDEPENDANT,M,LOMAMI,152,0.03,2181.0,2549.0,86.0,1279171.0,595330.0,206.0,595536.0,46.56
22,17.0,1_1_1_146_266,NGOY,ILUNGA WA NSENGA,THEODORE,INDEPENDANT,M,LOMAMI,62,0.01,2181.0,2549.0,86.0,1279171.0,595330.0,206.0,595536.0,46.56
22,8.0,1_1_1_140_260,BUSE,FALAY,GEORGES,INDEPENDANT,M,LOMAMI,109,0.02,2181.0,2549.0,86.0,1279171.0,595330.0,206.0,595536.0,46.56
22,23.0,1_1_1_132_252,DIONGO,SHAMBA,FRANCK,MLP,M,LOMAMI,75,0.01,2181.0,2549.0,86.0,1279171.0,595330.0,206.0,595536.0,46.56
22,24.0,1_1_1_133_253,MUZITO,FUMUTSHI,ADOLPHE,NOU.EL,M,LOMAMI,85,0.01,2181.0,2549.0,86.0,1279171.0,595330.0,206.0,595536.0,46.56
22,26.0,1_1_1_153_273,NGILA,,HENOCK,INDEPENDANT,M,LOMAMI,90,0.02,2181.0,2549.0,86.0,1279171.0,595330.0,206.0,595536.0,46.56
22,12.0,1_1_1_151_271,MAJONDO,MWAMBA,PATRICE,INDEPENDANT,M,LOMAMI,202,0.03,2181.0,2549.0,86.0,1279171.0,595330.0,206.0,595536.0,46.56
22,20.0,1_1_1_143_263,TSHISEKEDI,TSHILOMBO,FELIX ANTOINE,INDEPENDANT,M,LOMAMI,571855,96.06,2181.0,2549.0,86.0,1279171.0,595330.0,206.0,595536.0,46.56
22,18.0,1_1_1_144_264,NKEMA LILOO,BOKONZI,LOLI,INDEPENDANT,M,LOMAMI,83,0.01,2181.0,2549.0,86.0,1279171.0,595330.0,206.0,595536.0,46.56
23,23.0,1_1_1_132_252,DIONGO,SHAMBA,FRANCK,MLP,M,SANKURU,545,0.08,1972.0,2444.0,81.0,1039924.0,699469.0,641.0,700110.0,67.32
23,8.0,1_1_1_140_260,BUSE,FALAY,GEORGES,INDEPENDANT,M,SANKURU,125,0.02,1972.0,2444.0,81.0,1039924.0,699469.0,641.0,700110.0,67.32
23,26.0,1_1_1_153_273,NGILA,,HENOCK,INDEPENDANT,M,SANKURU,96,0.01,1972.0,2444.0,81.0,1039924.0,699469.0,641.0,700110.0,67.32
23,12.0,1_1_1_151_271,MAJONDO,MWAMBA,PATRICE,INDEPENDANT,M,SANKURU,307,0.04,1972.0,2444.0,81.0,1039924.0,699469.0,641.0,700110.0,67.32
23,22.0,1_1_1_128_248,MATATA,PONYO,MAPON,LGD,M,SANKURU,362,0.05,1972.0,2444.0,81.0,1039924.0,699469.0,641.0,700110.0,67.32
23,10.0,1_1_1_130_250,KAZADI,KANDA,REX,INDEPENDANT,M,SANKURU,152,0.02,1972.0,2444.0,81.0,1039924.0,699469.0,641.0,700110.0,67.32
23,13.0,1_1_1_147_267,MASALU,ANEDU,ANDRE,INDEPENDANT,M,SANKURU,226,0.03,1972.0,2444.0,81.0,1039924.0,699469.0,641.0,700110.0,67.32
23,2.0,1_1_1_129_249,MUTAMBA,TUNGUNGA,CONSTANT,DYPRO,M,SANKURU,906,0.13,1972.0,2444.0,81.0,1039924.0,699469.0,641.0,700110.0,67.32
23,21.0,1_1_1_137_257,FAYULU,MADIDI,MARTIN,LAMUKAFAYULU,M,SANKURU,2494,0.36,1972.0,2444.0,81.0,1039924.0,699469.0,641.0,700110.0,67.32
23,4.0,1_1_1_149_269,SESANGA,HIPUNGU DJA KASENG KAPITU,DELLY,ENVOL,M,SANKURU,389,0.06,1972.0,2444.0,81.0,1039924.0,699469.0,641.0,700110.0,67.32
23,14.0,1_1_1_138_258,MUDEKEREZA,BISIMWA,JUSTIN,INDEPENDANT,M,SANKURU,81,0.01,1972.0,2444.0,81.0,1039924.0,699469.0,641.0,700110.0,67.32
23,7.0,1_1_1_142_262,BOLAMBA,,TONY CASSIUS,INDEPENDANT,M,SANKURU,197,0.03,1972.0,2444.0,81.0,1039924.0,699469.0,641.0,700110.0,67.32
23,16.0,1_1_1_136_256,NGALASI,KURISINI,AGGREY,INDEPENDANT,M,SANKURU,53,0.01,1972.0,2444.0,81.0,1039924.0,699469.0,641.0,700110.0,67.32
23,9.0,1_1_1_139_259,IFOKU,MPUTA MPUNGA,MARIE-JOSEE,INDEPENDANT,F,SANKURU,471,0.07,1972.0,2444.0,81.0,1039924.0,699469.0,641.0,700110.0,67.32
23,5.0,1_1_1_145_265,ANZULUNI,ISILOKETSHI,FLORIBERT,INDEPENDANT,M,SANKURU,201,0.03,1972.0,2444.0,81.0,1039924.0,699469.0,641.0,700110.0,67.32
23,18.0,1_1_1_144_264,NKEMA LILOO,BOKONZI,LOLI,INDEPENDANT,M,SANKURU,121,0.02,1972.0,2444.0,81.0,1039924.0,699469.0,641.0,700110.0,67.32
23,3.0,1_1_1_135_255,KATUMBI,CHAPWE,MOISE,ENSEMBLE,M,SANKURU,59023,8.44,1972.0,2444.0,81.0,1039924.0,699469.0,641.0,700110.0,67.32
23,1.0,1_1_1_131_251,RADJABHO,TEBABHO,SOBORABO,CUC,M,SANKURU,618,0.09,1972.0,2444.0,81.0,1039924.0,699469.0,641.0,700110.0,67.32
23,11.0,1_1_1_150_270,KIKUNI,MASUDI,SETH,INDEPENDANT,M,SANKURU,265,0.04,1972.0,2444.0,81.0,1039924.0,699469.0,641.0,700110.0,67.32
23,24.0,1_1_1_133_253,MUZITO,FUMUTSHI,ADOLPHE,NOU.EL,M,SANKURU,180,0.03,1972.0,2444.0,81.0,1039924.0,699469.0,641.0,700110.0,67.32
23,17.0,1_1_1_146_266,NGOY,ILUNGA WA NSENGA,THEODORE,INDEPENDANT,M,SANKURU,89,0.01,1972.0,2444.0,81.0,1039924.0,699469.0,641.0,700110.0,67.32
23,15.0,1_1_1_134_254,MUKWEGE,MUKENGERE,DENIS,INDEPENDANT,M,SANKURU,117,0.02,1972.0,2444.0,81.0,1039924.0,699469.0,641.0,700110.0,67.32
23,6.0,1_1_1_148_268,BAENDE,ETAFE ELIKO,JEAN CLAUDE,INDEPENDANT,M,SANKURU,266,0.04,1972.0,2444.0,81.0,1039924.0,699469.0,641.0,700110.0,67.32
23,19.0,1_1_1_141_261,TSHIANI K,MUADIAMVITA,NOEL,INDEPENDANT,M,SANKURU,387,0.06,1972.0,2444.0,81.0,1039924.0,699469.0,641.0,700110.0,67.32
23,20.0,1_1_1_143_263,TSHISEKEDI,TSHILOMBO,FELIX ANTOINE,INDEPENDANT,M,SANKURU,631504,90.28,1972.0,2444.0,81.0,1039924.0,699469.0,641.0,700110.0,67.32
23,25.0,1_1_1_152_272,BILE,BATALI,JOELLE,INDEPENDANT,F,SANKURU,294,0.04,1972.0,2444.0,81.0,1039924.0,699469.0,641.0,700110.0,67.32
24,18.0,1_1_1_144_264,NKEMA LILOO,BOKONZI,LOLI,INDEPENDANT,M,KASAI ORIENTAL,40,0.01,1879.0,2035.0,92.0,1125004.0,543377.0,85.0,543462.0,48.31
24,13.0,1_1_1_147_267,MASALU,ANEDU,ANDRE,INDEPENDANT,M,KASAI ORIENTAL,126,0.02,1879.0,2035.0,92.0,1125004.0,543377.0,85.0,543462.0,48.31
24,10.0,1_1_1_130_250,KAZADI,KANDA,REX,INDEPENDANT,M,KASAI ORIENTAL,31,0.01,1879.0,2035.0,92.0,1125004.0,543377.0,85.0,543462.0,48.31
24,9.0,1_1_1_139_259,IFOKU,MPUTA MPUNGA,MARIE-JOSEE,INDEPENDANT,F,KASAI ORIENTAL,76,0.01,1879.0,2035.0,92.0,1125004.0,543377.0,85.0,543462.0,48.31
24,14.0,1_1_1_138_258,MUDEKEREZA,BISIMWA,JUSTIN,INDEPENDANT,M,KASAI ORIENTAL,41,0.01,1879.0,2035.0,92.0,1125004.0,543377.0,85.0,543462.0,48.31
24,20.0,1_1_1_143_263,TSHISEKEDI,TSHILOMBO,FELIX ANTOINE,INDEPENDANT,M,KASAI ORIENTAL,540800,99.53,1879.0,2035.0,92.0,1125004.0,543377.0,85.0,543462.0,48.31
24,19.0,1_1_1_141_261,TSHIANI K,MUADIAMVITA,NOEL,INDEPENDANT,M,KASAI ORIENTAL,52,0.01,1879.0,2035.0,92.0,1125004.0,543377.0,85.0,543462.0,48.31
24,24.0,1_1_1_133_253,MUZITO,FUMUTSHI,ADOLPHE,NOU.EL,M,KASAI ORIENTAL,39,0.01,1879.0,2035.0,92.0,1125004.0,543377.0,85.0,543462.0,48.31
24,17.0,1_1_1_146_266,NGOY,ILUNGA WA NSENGA,THEODORE,INDEPENDANT,M,KASAI ORIENTAL,24,0.0,1879.0,2035.0,92.0,1125004.0,543377.0,85.0,543462.0,48.31
24,12.0,1_1_1_151_271,MAJONDO,MWAMBA,PATRICE,INDEPENDANT,M,KASAI ORIENTAL,99,0.02,1879.0,2035.0,92.0,1125004.0,543377.0,85.0,543462.0,48.31
24,23.0,1_1_1_132_252,DIONGO,SHAMBA,FRANCK,MLP,M,KASAI ORIENTAL,29,0.01,1879.0,2035.0,92.0,1125004.0,543377.0,85.0,543462.0,48.31
24,15.0,1_1_1_134_254,MUKWEGE,MUKENGERE,DENIS,INDEPENDANT,M,KASAI ORIENTAL,37,0.01,1879.0,2035.0,92.0,1125004.0,543377.0,85.0,543462.0,48.31
24,1.0,1_1_1_131_251,RADJABHO,TEBABHO,SOBORABO,CUC,M,KASAI ORIENTAL,711,0.13,1879.0,2035.0,92.0,1125004.0,543377.0,85.0,543462.0,48.31
24,21.0,1_1_1_137_257,FAYULU,MADIDI,MARTIN,LAMUKAFAYULU,M,KASAI ORIENTAL,184,0.03,1879.0,2035.0,92.0,1125004.0,543377.0,85.0,543462.0,48.31
24,7.0,1_1_1_142_262,BOLAMBA,,TONY CASSIUS,INDEPENDANT,M,KASAI ORIENTAL,66,0.01,1879.0,2035.0,92.0,1125004.0,543377.0,85.0,543462.0,48.31
24,26.0,1_1_1_153_273,NGILA,,HENOCK,INDEPENDANT,M,KASAI ORIENTAL,36,0.01,1879.0,2035.0,92.0,1125004.0,543377.0,85.0,543462.0,48.31
24,22.0,1_1_1_128_248,MATATA,PONYO,MAPON,LGD,M,KASAI ORIENTAL,53,0.01,1879.0,2035.0,92.0,1125004.0,543377.0,85.0,543462.0,48.31
24,5.0,1_1_1_145_265,ANZULUNI,ISILOKETSHI,FLORIBERT,INDEPENDANT,M,KASAI ORIENTAL,70,0.01,1879.0,2035.0,92.0,1125004.0,543377.0,85.0,543462.0,48.31
24,25.0,1_1_1_152_272,BILE,BATALI,JOELLE,INDEPENDANT,F,KASAI ORIENTAL,59,0.01,1879.0,2035.0,92.0,1125004.0,543377.0,85.0,543462.0,48.31
24,4.0,1_1_1_149_269,SESANGA,HIPUNGU DJA KASENG KAPITU,DELLY,ENVOL,M,KASAI ORIENTAL,92,0.02,1879.0,2035.0,92.0,1125004.0,543377.0,85.0,543462.0,48.31
24,6.0,1_1_1_148_268,BAENDE,ETAFE ELIKO,JEAN CLAUDE,INDEPENDANT,M,KASAI ORIENTAL,59,0.01,1879.0,2035.0,92.0,1125004.0,543377.0,85.0,543462.0,48.31
24,8.0,1_1_1_140_260,BUSE,FALAY,GEORGES,INDEPENDANT,M,KASAI ORIENTAL,29,0.01,1879.0,2035.0,92.0,1125004.0,543377.0,85.0,543462.0,48.31
24,3.0,1_1_1_135_255,KATUMBI,CHAPWE,MOISE,ENSEMBLE,M,KASAI ORIENTAL,291,0.05,1879.0,2035.0,92.0,1125004.0,543377.0,85.0,543462.0,48.31
24,16.0,1_1_1_136_256,NGALASI,KURISINI,AGGREY,INDEPENDANT,M,KASAI ORIENTAL,26,0.0,1879.0,2035.0,92.0,1125004.0,543377.0,85.0,543462.0,48.31
24,2.0,1_1_1_129_249,MUTAMBA,TUNGUNGA,CONSTANT,DYPRO,M,KASAI ORIENTAL,258,0.05,1879.0,2035.0,92.0,1125004.0,543377.0,85.0,543462.0,48.31
24,11.0,1_1_1_150_270,KIKUNI,MASUDI,SETH,INDEPENDANT,M,KASAI ORIENTAL,49,0.01,1879.0,2035.0,92.0,1125004.0,543377.0,85.0,543462.0,48.31
25,17.0,1_1_1_146_266,NGOY,ILUNGA WA NSENGA,THEODORE,INDEPENDANT,M,KASAI,47,0.0,2690.0,3209.0,84.0,1681469.0,1080176.0,497.0,1080673.0,64.27
25,7.0,1_1_1_142_262,BOLAMBA,,TONY CASSIUS,INDEPENDANT,M,KASAI,94,0.01,2690.0,3209.0,84.0,1681469.0,1080176.0,497.0,1080673.0,64.27
25,20.0,1_1_1_143_263,TSHISEKEDI,TSHILOMBO,FELIX ANTOINE,INDEPENDANT,M,KASAI,1030300,95.38,2690.0,3209.0,84.0,1681469.0,1080176.0,497.0,1080673.0,64.27
25,18.0,1_1_1_144_264,NKEMA LILOO,BOKONZI,LOLI,INDEPENDANT,M,KASAI,86,0.01,2690.0,3209.0,84.0,1681469.0,1080176.0,497.0,1080673.0,64.27
25,5.0,1_1_1_145_265,ANZULUNI,ISILOKETSHI,FLORIBERT,INDEPENDANT,M,KASAI,939,0.09,2690.0,3209.0,84.0,1681469.0,1080176.0,497.0,1080673.0,64.27
25,11.0,1_1_1_150_270,KIKUNI,MASUDI,SETH,INDEPENDANT,M,KASAI,129,0.01,2690.0,3209.0,84.0,1681469.0,1080176.0,497.0,1080673.0,64.27
25,26.0,1_1_1_153_273,NGILA,,HENOCK,INDEPENDANT,M,KASAI,106,0.01,2690.0,3209.0,84.0,1681469.0,1080176.0,497.0,1080673.0,64.27
25,22.0,1_1_1_128_248,MATATA,PONYO,MAPON,LGD,M,KASAI,186,0.02,2690.0,3209.0,84.0,1681469.0,1080176.0,497.0,1080673.0,64.27
25,2.0,1_1_1_129_249,MUTAMBA,TUNGUNGA,CONSTANT,DYPRO,M,KASAI,246,0.02,2690.0,3209.0,84.0,1681469.0,1080176.0,497.0,1080673.0,64.27
25,25.0,1_1_1_152_272,BILE,BATALI,JOELLE,INDEPENDANT,F,KASAI,146,0.01,2690.0,3209.0,84.0,1681469.0,1080176.0,497.0,1080673.0,64.27
25,10.0,1_1_1_130_250,KAZADI,KANDA,REX,INDEPENDANT,M,KASAI,68,0.01,2690.0,3209.0,84.0,1681469.0,1080176.0,497.0,1080673.0,64.27
25,1.0,1_1_1_131_251,RADJABHO,TEBABHO,SOBORABO,CUC,M,KASAI,540,0.05,2690.0,3209.0,84.0,1681469.0,1080176.0,497.0,1080673.0,64.27
25,12.0,1_1_1_151_271,MAJONDO,MWAMBA,PATRICE,INDEPENDANT,M,KASAI,274,0.03,2690.0,3209.0,84.0,1681469.0,1080176.0,497.0,1080673.0,64.27
25,23.0,1_1_1_132_252,DIONGO,SHAMBA,FRANCK,MLP,M,KASAI,141,0.01,2690.0,3209.0,84.0,1681469.0,1080176.0,497.0,1080673.0,64.27
25,24.0,1_1_1_133_253,MUZITO,FUMUTSHI,ADOLPHE,NOU.EL,M,KASAI,16696,1.55,2690.0,3209.0,84.0,1681469.0,1080176.0,497.0,1080673.0,64.27
25,15.0,1_1_1_134_254,MUKWEGE,MUKENGERE,DENIS,INDEPENDANT,M,KASAI,129,0.01,2690.0,3209.0,84.0,1681469.0,1080176.0,497.0,1080673.0,64.27
25,13.0,1_1_1_147_267,MASALU,ANEDU,ANDRE,INDEPENDANT,M,KASAI,155,0.01,2690.0,3209.0,84.0,1681469.0,1080176.0,497.0,1080673.0,64.27
25,3.0,1_1_1_135_255,KATUMBI,CHAPWE,MOISE,ENSEMBLE,M,KASAI,24894,2.3,2690.0,3209.0,84.0,1681469.0,1080176.0,497.0,1080673.0,64.27
25,8.0,1_1_1_140_260,BUSE,FALAY,GEORGES,INDEPENDANT,M,KASAI,53,0.0,2690.0,3209.0,84.0,1681469.0,1080176.0,497.0,1080673.0,64.27
25,9.0,1_1_1_139_259,IFOKU,MPUTA MPUNGA,MARIE-JOSEE,INDEPENDANT,F,KASAI,247,0.02,2690.0,3209.0,84.0,1681469.0,1080176.0,497.0,1080673.0,64.27
25,19.0,1_1_1_141_261,TSHIANI K,MUADIAMVITA,NOEL,INDEPENDANT,M,KASAI,269,0.02,2690.0,3209.0,84.0,1681469.0,1080176.0,497.0,1080673.0,64.27
25,6.0,1_1_1_148_268,BAENDE,ETAFE ELIKO,JEAN CLAUDE,INDEPENDANT,M,KASAI,89,0.01,2690.0,3209.0,84.0,1681469.0,1080176.0,497.0,1080673.0,64.27
25,16.0,1_1_1_136_256,NGALASI,KURISINI,AGGREY,INDEPENDANT,M,KASAI,185,0.02,2690.0,3209.0,84.0,1681469.0,1080176.0,497.0,1080673.0,64.27
25,14.0,1_1_1_138_258,MUDEKEREZA,BISIMWA,JUSTIN,INDEPENDANT,M,KASAI,176,0.02,2690.0,3209.0,84.0,1681469.0,1080176.0,497.0,1080673.0,64.27
25,21.0,1_1_1_137_257,FAYULU,MADIDI,MARTIN,LAMUKAFAYULU,M,KASAI,3581,0.33,2690.0,3209.0,84.0,1681469.0,1080176.0,497.0,1080673.0,64.27
25,4.0,1_1_1_149_269,SESANGA,HIPUNGU DJA KASENG KAPITU,DELLY,ENVOL,M,KASAI,400,0.04,2690.0,3209.0,84.0,1681469.0,1080176.0,497.0,1080673.0,64.27
26,15.0,1_1_1_134_254,MUKWEGE,MUKENGERE,DENIS,INDEPENDANT,M,KASAI CENTRAL,31,0.0,2588.0,3385.0,76.0,1671413.0,1009178.0,185.0,1009363.0,60.39
26,5.0,1_1_1_145_265,ANZULUNI,ISILOKETSHI,FLORIBERT,INDEPENDANT,M,KASAI CENTRAL,54,0.01,2588.0,3385.0,76.0,1671413.0,1009178.0,185.0,1009363.0,60.39
26,19.0,1_1_1_141_261,TSHIANI K,MUADIAMVITA,NOEL,INDEPENDANT,M,KASAI CENTRAL,83,0.01,2588.0,3385.0,76.0,1671413.0,1009178.0,185.0,1009363.0,60.39
26,22.0,1_1_1_128_248,MATATA,PONYO,MAPON,LGD,M,KASAI CENTRAL,53,0.01,2588.0,3385.0,76.0,1671413.0,1009178.0,185.0,1009363.0,60.39
26,26.0,1_1_1_153_273,NGILA,,HENOCK,INDEPENDANT,M,KASAI CENTRAL,19,0.0,2588.0,3385.0,76.0,1671413.0,1009178.0,185.0,1009363.0,60.39
26,2.0,1_1_1_129_249,MUTAMBA,TUNGUNGA,CONSTANT,DYPRO,M,KASAI CENTRAL,274,0.03,2588.0,3385.0,76.0,1671413.0,1009178.0,185.0,1009363.0,60.39
26,7.0,1_1_1_142_262,BOLAMBA,,TONY CASSIUS,INDEPENDANT,M,KASAI CENTRAL,26,0.0,2588.0,3385.0,76.0,1671413.0,1009178.0,185.0,1009363.0,60.39
26,8.0,1_1_1_140_260,BUSE,FALAY,GEORGES,INDEPENDANT,M,KASAI CENTRAL,25,0.0,2588.0,3385.0,76.0,1671413.0,1009178.0,185.0,1009363.0,60.39
26,1.0,1_1_1_131_251,RADJABHO,TEBABHO,SOBORABO,CUC,M,KASAI CENTRAL,265,0.03,2588.0,3385.0,76.0,1671413.0,1009178.0,185.0,1009363.0,60.39
26,9.0,1_1_1_139_259,IFOKU,MPUTA MPUNGA,MARIE-JOSEE,INDEPENDANT,F,KASAI CENTRAL,77,0.01,2588.0,3385.0,76.0,1671413.0,1009178.0,185.0,1009363.0,60.39
26,21.0,1_1_1_137_257,FAYULU,MADIDI,MARTIN,LAMUKAFAYULU,M,KASAI CENTRAL,425,0.04,2588.0,3385.0,76.0,1671413.0,1009178.0,185.0,1009363.0,60.39
26,20.0,1_1_1_143_263,TSHISEKEDI,TSHILOMBO,FELIX ANTOINE,INDEPENDANT,M,KASAI CENTRAL,1005057,99.59,2588.0,3385.0,76.0,1671413.0,1009178.0,185.0,1009363.0,60.39
26,3.0,1_1_1_135_255,KATUMBI,CHAPWE,MOISE,ENSEMBLE,M,KASAI CENTRAL,1756,0.17,2588.0,3385.0,76.0,1671413.0,1009178.0,185.0,1009363.0,60.39
26,18.0,1_1_1_144_264,NKEMA LILOO,BOKONZI,LOLI,INDEPENDANT,M,KASAI CENTRAL,26,0.0,2588.0,3385.0,76.0,1671413.0,1009178.0,185.0,1009363.0,60.39
26,23.0,1_1_1_132_252,DIONGO,SHAMBA,FRANCK,MLP,M,KASAI CENTRAL,25,0.0,2588.0,3385.0,76.0,1671413.0,1009178.0,185.0,1009363.0,60.39
26,14.0,1_1_1_138_258,MUDEKEREZA,BISIMWA,JUSTIN,INDEPENDANT,M,KASAI CENTRAL,26,0.0,2588.0,3385.0,76.0,1671413.0,1009178.0,185.0,1009363.0,60.39
26,24.0,1_1_1_133_253,MUZITO,FUMUTSHI,ADOLPHE,NOU.EL,M,KASAI CENTRAL,63,0.01,2588.0,3385.0,76.0,1671413.0,1009178.0,185.0,1009363.0,60.39
26,16.0,1_1_1_136_256,NGALASI,KURISINI,AGGREY,INDEPENDANT,M,KASAI CENTRAL,51,0.01,2588.0,3385.0,76.0,1671413.0,1009178.0,185.0,1009363.0,60.39
26,10.0,1_1_1_130_250,KAZADI,KANDA,REX,INDEPENDANT,M,KASAI CENTRAL,58,0.01,2588.0,3385.0,76.0,1671413.0,1009178.0,185.0,1009363.0,60.39
26,11.0,1_1_1_150_270,KIKUNI,MASUDI,SETH,INDEPENDANT,M,KASAI CENTRAL,28,0.0,2588.0,3385.0,76.0,1671413.0,1009178.0,185.0,1009363.0,60.39
26,4.0,1_1_1_149_269,SESANGA,HIPUNGU DJA KASENG KAPITU,DELLY,ENVOL,M,KASAI CENTRAL,513,0.05,2588.0,3385.0,76.0,1671413.0,1009178.0,185.0,1009363.0,60.39
26,12.0,1_1_1_151_271,MAJONDO,MWAMBA,PATRICE,INDEPENDANT,M,KASAI CENTRAL,97,0.01,2588.0,3385.0,76.0,1671413.0,1009178.0,185.0,1009363.0,60.39
26,17.0,1_1_1_146_266,NGOY,ILUNGA WA NSENGA,THEODORE,INDEPENDANT,M,KASAI CENTRAL,17,0.0,2588.0,3385.0,76.0,1671413.0,1009178.0,185.0,1009363.0,60.39
26,13.0,1_1_1_147_267,MASALU,ANEDU,ANDRE,INDEPENDANT,M,KASAI CENTRAL,60,0.01,2588.0,3385.0,76.0,1671413.0,1009178.0,185.0,1009363.0,60.39
26,25.0,1_1_1_152_272,BILE,BATALI,JOELLE,INDEPENDANT,F,KASAI CENTRAL,26,0.0,2588.0,3385.0,76.0,1671413.0,1009178.0,185.0,1009363.0,60.39
26,6.0,1_1_1_148_268,BAENDE,ETAFE ELIKO,JEAN CLAUDE,INDEPENDANT,M,KASAI CENTRAL,43,0.0,2588.0,3385.0,76.0,1671413.0,1009178.0,185.0,1009363.0,60.39
27,,1_1_1_129_249,MUTAMBA,TUNGUNGA,CONSTANT,DYPRO,M,,2,0.13918,,,,,,,,
27,,1_1_1_131_251,RADJABHO,TEBABHO,SOBORABO,CUC,M,,1,0.06959,,,,,,,,
27,,1_1_1_132_252,DIONGO,SHAMBA,FRANCK,MLP,M,,1,0.06959,,,,,,,,
27,,1_1_1_133_253,MUZITO,FUMUTSHI,ADOLPHE,NOU.EL,M,,1,0.06959,,,,,,,,
27,,1_1_1_134_254,MUKWEGE,MUKENGERE,DENIS,INDEPENDANT,M,,31,2.15727,,,,,,,,
27,,1_1_1_135_255,KATUMBI,CHAPWE,MOISE,ENSEMBLE,M,,195,13.56994,,,,,,,,
27,,1_1_1_136_256,NGALASI,KURISINI,AGGREY,INDEPENDANT,M,,2,0.13918,,,,,,,,
27,,1_1_1_137_257,FAYULU,MADIDI,MARTIN,LAMUKAFAYULU,M,,30,2.08768,,,,,,,,
27,,1_1_1_140_260,BUSE,FALAY,GEORGES,INDEPENDANT,M,,1,0.06959,,,,,,,,
27,,1_1_1_143_263,TSHISEKEDI,TSHILOMBO,FELIX ANTOINE,INDEPENDANT,M,,1167,81.21086,,,,,,,,
27,,1_1_1_145_265,ANZULUNI,ISILOKETSHI,FLORIBERT,INDEPENDANT,M,,5,0.34795,,,,,,,,
27,,1_1_1_999_999,VOTES BLANCS,,,,,,1,0.06959,,,,,,,,
28,,1_1_1_132_252,DIONGO,SHAMBA,FRANCK,MLP,M,,1,0.06974,,,,,,,,
28,,1_1_1_133_253,MUZITO,FUMUTSHI,ADOLPHE,NOU.EL,M,,2,0.13947,,,,,,,,
28,,1_1_1_134_254,MUKWEGE,MUKENGERE,DENIS,INDEPENDANT,M,,65,4.53278,,,,,,,,
28,,1_1_1_135_255,KATUMBI,CHAPWE,MOISE,ENSEMBLE,M,,207,14.43515,,,,,,,,
28,,1_1_1_136_256,NGALASI,KURISINI,AGGREY,INDEPENDANT,M,,4,0.27894,,,,,,,,
28,,1_1_1_137_257,FAYULU,MADIDI,MARTIN,LAMUKAFAYULU,M,,52,3.62622,,,,,,,,
28,,1_1_1_139_259,IFOKU,MPUTA MPUNGA,MARIE-JOSEE,INDEPENDANT,F,,4,0.27894,,,,,,,,
28,,1_1_1_143_263,TSHISEKEDI,TSHILOMBO,FELIX ANTOINE,INDEPENDANT,M,,1086,75.73222,,,,,,,,
28,,1_1_1_144_264,NKEMA LILOO,BOKONZI,LOLI,INDEPENDANT,M,,1,0.06974,,,,,,,,
28,,1_1_1_999_999,VOTES BLANCS,,,,,,12,0.83682,,,,,,,,
29,,1_1_1_133_253,MUZITO,FUMUTSHI,ADOLPHE,NOU.EL,M,,1,0.33003,,,,,,,,
29,,1_1_1_134_254,MUKWEGE,MUKENGERE,DENIS,INDEPENDANT,M,,10,3.30033,,,,,,,,
29,,1_1_1_135_255,KATUMBI,CHAPWE,MOISE,ENSEMBLE,M,,54,17.82178,,,,,,,,
29,,1_1_1_136_256,NGALASI,KURISINI,AGGREY,INDEPENDANT,M,,1,0.33003,,,,,,,,
29,,1_1_1_137_257,FAYULU,MADIDI,MARTIN,LAMUKAFAYULU,M,,13,4.29043,,,,,,,,
29,,1_1_1_139_259,IFOKU,MPUTA MPUNGA,MARIE-JOSEE,INDEPENDANT,F,,1,0.33003,,,,,,,,
29,,1_1_1_141_261,TSHIANI K,MUADIAMVITA,NOEL,INDEPENDANT,M,,2,0.66007,,,,,,,,
29,,1_1_1_143_263,TSHISEKEDI,TSHILOMBO,FELIX ANTOINE,INDEPENDANT,M,,217,71.61716,,,,,,,,
29,,1_1_1_144_264,NKEMA LILOO,BOKONZI,LOLI,INDEPENDANT,M,,1,0.33003,,,,,,,,
29,,1_1_1_999_999,VOTES BLANCS,,,,,,3,0.9901,,,,,,,,
30,,1_1_1_134_254,MUKWEGE,MUKENGERE,DENIS,INDEPENDANT,M,,6,3.72671,,,,,,,,
30,,1_1_1_135_255,KATUMBI,CHAPWE,MOISE,ENSEMBLE,M,,18,11.18012,,,,,,,,
30,,1_1_1_137_257,FAYULU,MADIDI,MARTIN,LAMUKAFAYULU,M,,6,3.72671,,,,,,,,
30,,1_1_1_139_259,IFOKU,MPUTA MPUNGA,MARIE-JOSEE,INDEPENDANT,F,,3,1.86335,,,,,,,,
30,,1_1_1_143_263,TSHISEKEDI,TSHILOMBO,FELIX ANTOINE,INDEPENDANT,M,,127,78.88199,,,,,,,,
30,,1_1_1_145_265,ANZULUNI,ISILOKETSHI,FLORIBERT,INDEPENDANT,M,,1,0.62112,,,,,,,,
30,,1_1_1_999_999,VOTES BLANCS,,,,,,0,0.0,,,,,,,,
31,,1_1_1_150_270,KIKUNI,MASUDI,SETH,INDEPENDANT,M,,1,0.05013,,,,,,,,
31,,1_1_1_152_272,BILE,BATALI,JOELLE,INDEPENDANT,F,,3,0.15038,,,,,,,,
31,,1_1_1_130_250,KAZADI,KANDA,REX,INDEPENDANT,M,,5,0.25063,,,,,,,,
31,,1_1_1_132_252,DIONGO,SHAMBA,FRANCK,MLP,M,,1,0.05013,,,,,,,,
31,,1_1_1_133_253,MUZITO,FUMUTSHI,ADOLPHE,NOU.EL,M,,2,0.10025,,,,,,,,
31,,1_1_1_134_254,MUKWEGE,MUKENGERE,DENIS,INDEPENDANT,M,,50,2.50627,,,,,,,,
31,,1_1_1_135_255,KATUMBI,CHAPWE,MOISE,ENSEMBLE,M,,110,5.51378,,,,,,,,
31,,1_1_1_136_256,NGALASI,KURISINI,AGGREY,INDEPENDANT,M,,3,0.15038,,,,,,,,
31,,1_1_1_137_257,FAYULU,MADIDI,MARTIN,LAMUKAFAYULU,M,,101,5.06266,,,,,,,,
31,,1_1_1_139_259,IFOKU,MPUTA MPUNGA,MARIE-JOSEE,INDEPENDANT,F,,6,0.30075,,,,,,,,
31,,1_1_1_140_260,BUSE,FALAY,GEORGES,INDEPENDANT,M,,1,0.05013,,,,,,,,
31,,1_1_1_141_261,TSHIANI K,MUADIAMVITA,NOEL,INDEPENDANT,M,,1,0.05013,,,,,,,,
31,,1_1_1_143_263,TSHISEKEDI,TSHILOMBO,FELIX ANTOINE,INDEPENDANT,M,,1697,85.06266,,,,,,,,
31,,1_1_1_149_269,SESANGA,HIPUNGU DJA KASENG KAPITU,DELLY,ENVOL,M,,2,0.10025,,,,,,,,
31,,1_1_1_999_999,VOTES BLANCS,,,,,,12,0.6015,,,,,,,,
